id,root
1,38
2,17
3,15
4,6
5,3
6,13
7,2
8,12
9,9
10,12
11,19
12,17
13,5
14,4
15,10
16,15
17,4
18,17
19,3
20,12
21,4
22,5
23,7
24,27
25,35
26,16
27,1
28,13
29,18
30,27
31,1
32,13
33,6
34,7
35,10
36,1
37,13
38,8
39,24
40,24
41,19
42,29
43,12
44,14
45,8
46,17
47,14
48,18
49,10
50,24
51,1
52,22
53,34
54,44
55,18
56,21
57,27
58,3
59,33
60,18
61,10
62,43
63,7
64,12
65,10
66,2
67,1
68,29
69,8
70,26
71,5
72,2
73,7
74,3
75,24
76,28
77,2
78,19
79,10
80,3
81,19
82,13
83,14
84,21
85,10
86,3
87,20
88,5
89,28
90,21
91,20
92,2
93,21
94,26
95,7
96,22
97,10
98,4
99,11
100,6
101,28
102,6
103,5
104,27
105,23
106,1
107,21
108,4
109,4
110,26
111,6
112,27
113,5
114,1
115,23
116,13
117,7
118,2
119,17
120,21
121,14
122,22
123,12
124,12
125,8
126,23
127,2
128,2
129,36
130,4
131,18
132,3
133,18
134,24
135,11
136,8
137,3
138,19
139,13
140,16
141,3
142,10
143,2
144,8
145,3
146,11
147,16
148,4
149,18
150,11
151,12
152,1
153,2
154,30
155,8
156,7
157,10
158,21
159,7
160,14
161,2
162,8
163,3
164,3
165,13
166,8
167,27
168,3
169,10
170,13
171,7
172,4
173,17
174,18
175,14
176,16
177,27
178,1
179,5
180,12
181,3
182,23
183,10
184,14
185,29
186,17
187,15
188,7
189,4
190,13
191,3
192,15
193,14
194,25
195,26
196,15
197,3
198,17
199,20
200,28
201,2
202,18
203,3
204,1
205,8
206,50
207,4
208,11
209,18
210,7
211,8
212,1
213,5
214,23
215,5
216,10
217,15
218,8
219,5
220,28
221,29
222,29
223,15
224,2
225,15
226,10
227,12
228,18
229,13
230,12
231,14
232,22
233,7
234,10
235,18
236,11
237,3
238,8
239,16
240,18
241,2
242,4
243,14
244,5
245,39
246,3
247,16
248,18
249,23
250,33
251,25
252,22
253,10
254,20
255,6
256,22
257,21
258,10
259,20
260,16
261,3
262,42
263,26
264,2
265,16
266,24
267,30
268,7
269,9
270,12
271,6
272,22
273,25
274,18
275,46
276,28
277,32
278,14
279,18
280,27
281,3
282,2
283,36
284,4
285,15
286,5
287,27
288,1
289,7
290,11
291,7
292,5
293,36
294,21
295,16
296,24
297,10
298,8
299,8
300,3
301,23
302,17
303,15
304,15
305,13
306,17
307,12
308,14
309,13
310,19
311,20
312,25
313,36
314,19
315,39
316,14
317,4
318,1
319,7
320,22
321,11
322,11
323,5
324,13
325,8
326,13
327,28
328,2
329,10
330,15
331,4
332,2
333,7
334,15
335,21
336,28
337,15
338,4
339,11
340,12
341,14
342,6
343,22
344,30
345,17
346,8
347,20
348,18
349,15
350,4
351,5
352,9
353,22
354,9
355,14
356,38
357,1
358,7
359,13
360,16
361,20
362,13
363,5
364,13
365,12
366,24
367,1
368,12
369,7
370,35
371,24
372,1
373,15
374,16
375,19
376,8
377,10
378,10
379,5
380,26
381,14
382,26
383,9
384,3
385,12
386,14
387,10
388,18
389,35
390,10
391,3
392,4
393,22
394,21
395,5
396,15
397,19
398,47
399,28
400,24
401,14
402,5
403,14
404,13
405,1
406,10
407,21
408,14
409,3
410,19
411,18
412,6
413,9
414,3
415,8
416,9
417,45
418,2
419,19
420,6
421,9
422,1
423,1
424,9
425,10
426,2
427,4
428,9
429,23
430,11
431,23
432,4
433,9
434,18
435,19
436,12
437,10
438,19
439,25
440,2
441,3
442,6
443,13
444,11
445,8
446,3
447,14
448,11
449,7
450,7
451,18
452,36
453,12
454,8
455,24
456,10
457,11
458,10
459,1
460,8
461,17
462,12
463,17
464,3
465,4
466,2
467,1
468,36
469,19
470,14
471,7
472,18
473,18
474,17
475,18
476,10
477,14
478,13
479,10
480,5
481,6
482,15
483,30
484,4
485,11
486,14
487,8
488,10
489,2
490,34
491,2
492,16
493,35
494,16
495,11
496,14
497,12
498,7
499,4
500,5
501,15
502,1
503,2
504,7
505,2
506,13
507,6
508,5
509,4
510,11
511,3
512,3
513,8
514,14
515,6
516,3
517,10
518,4
519,11
520,3
521,13
522,6
523,18
524,4
525,7
526,4
527,1
528,6
529,11
530,8
531,1
532,1
533,5
534,11
535,3
536,2
537,5
538,14
539,4
540,5
541,14
542,7
543,11
544,6
545,17
546,2
547,4
548,12
549,14
550,10
551,17
552,13
553,6
554,8
555,3
556,1
557,19
558,5
559,14
560,2
561,4
562,11
563,12
564,7
565,13
566,6
567,2
568,16
569,1
570,4
571,5
572,9
573,8
574,14
575,6
576,14
577,4
578,2
579,2
580,9
581,13
582,5
583,11
584,13
585,10
586,15
587,14
588,3
589,10
590,20
591,7
592,7
593,19
594,2
595,17
596,9
597,3
598,2
599,10
600,16
601,4
602,16
603,5
604,11
605,11
606,5
607,9
608,1
609,4
610,5
611,9
612,13
613,9
614,10
615,6
616,1
617,3
618,2
619,9
620,10
621,1
622,9
623,12
624,23
625,5
626,6
627,3
628,10
629,8
630,6
631,8
632,7
633,4
634,1
635,7
636,4
637,1
638,3
639,5
640,3
641,7
642,4
643,5
644,4
645,1
646,3
647,12
648,5
649,3
650,4
651,2
652,7
653,4
654,1
655,8
656,11
657,3
658,3
659,7
660,4
661,6
662,3
663,12
664,7
665,1
666,9
667,6
668,1
669,9
670,5
671,7
672,1
673,8
674,12
675,7
676,2
677,17
678,5
679,7
680,2
681,4
682,8
683,2
684,6
685,8
686,1
687,6
688,14
689,14
690,7
691,6
692,11
693,3
694,5
695,7
696,1
697,1
698,2
699,10
700,11
701,2
702,7
703,3
704,2
705,4
706,11
707,6
708,8
709,24
710,8
711,2
712,2
713,3
714,10
715,16
716,10
717,22
718,3
719,6
720,11
721,1
722,4
723,16
724,9
725,4
726,11
727,12
728,8
729,4
730,5
731,4
732,3
733,1
734,7
735,1
736,8
737,2
738,3
739,14
740,6
741,3
742,3
743,11
744,10
745,12
746,19
747,3
748,3
749,2
750,4
751,8
752,2
753,6
754,11
755,26
756,5
757,7
758,9
759,12
760,9
761,10
762,6
763,3
764,8
765,1
766,2
767,7
768,13
769,7
770,10
771,7
772,8
773,1
774,4
775,11
776,3
777,1
778,12
779,5
780,8
781,9
782,2
783,6
784,3
785,2
786,11
787,8
788,14
789,9
790,7
791,11
792,12
793,5
794,1
795,6
796,3
797,19
798,13
799,4
800,5
801,2
802,2
803,4
804,7
805,14
806,6
807,4
808,6
809,15
810,17
811,12
812,4
813,11
814,8
815,1
816,6
817,3
818,9
819,7
820,2
821,10
822,15
823,1
824,7
825,13
826,4
827,3
828,9
829,5
830,13
831,13
832,8
833,8
834,5
835,10
836,4
837,2
838,17
839,7
840,5
841,3
842,8
843,8
844,3
845,2
846,4
847,9
848,1
849,1
850,5
851,2
852,3
853,1
854,2
855,13
856,13
857,4
858,4
859,14
860,7
861,2
862,5
863,10
864,8
865,18
866,11
867,1
868,25
869,6
870,8
871,3
872,12
873,1
874,8
875,2
876,1
877,8
878,2
879,3
880,9
881,10
882,3
883,6
884,4
885,3
886,1
887,5
888,1
889,17
890,5
891,1
892,6
893,24
894,2
895,5
896,7
897,9
898,18
899,13
900,7
901,2
902,7
903,3
904,3
905,16
906,18
907,5
908,6
909,7
910,2
911,9
912,3
913,5
914,5
915,5
916,13
917,6
918,3
919,7
920,3
921,8
922,12
923,5
924,9
925,13
926,8
927,9
928,15
929,5
930,8
931,3
932,9
933,3
934,12
935,12
936,8
937,8
938,3
939,7
940,8
941,10
942,1
943,3
944,10
945,4
946,5
947,4
948,1
949,8
950,6
951,17
952,2
953,6
954,4
955,5
956,3
957,4
958,3
959,1
960,3
961,2
962,5
963,9
964,14
965,3
966,1
967,4
968,5
969,12
970,11
971,12
972,12
973,11
974,2
975,21
976,3
977,11
978,6
979,14
980,10
981,3
982,12
983,8
984,6
985,15
986,6
987,4
988,4
989,12
990,12
991,35
992,7
993,18
994,7
995,6
996,21
997,4
998,19
999,3
1000,3
1001,24
1002,2
1003,6
1004,7
1005,34
1006,10
1007,17
1008,17
1009,2
1010,2
1011,9
1012,1
1013,6
1014,42
1015,8
1016,18
1017,9
1018,24
1019,10
1020,40
1021,5
1022,11
1023,8
1024,19
1025,5
1026,9
1027,11
1028,10
1029,18
1030,25
1031,12
1032,13
1033,15
1034,15
1035,23
1036,14
1037,10
1038,15
1039,14
1040,14
1041,5
1042,12
1043,8
1044,3
1045,5
1046,23
1047,26
1048,20
1049,20
1050,12
1051,6
1052,12
1053,8
1054,30
1055,15
1056,16
1057,11
1058,16
1059,2
1060,12
1061,11
1062,20
1063,5
1064,3
1065,19
1066,25
1067,9
1068,11
1069,4
1070,4
1071,22
1072,2
1073,6
1074,1
1075,15
1076,6
1077,21
1078,18
1079,18
1080,9
1081,27
1082,10
1083,16
1084,11
1085,9
1086,15
1087,5
1088,16
1089,5
1090,15
1091,10
1092,2
1093,4
1094,20
1095,1
1096,3
1097,27
1098,6
1099,13
1100,7
1101,3
1102,21
1103,26
1104,9
1105,20
1106,11
1107,13
1108,20
1109,4
1110,17
1111,9
1112,19
1113,4
1114,3
1115,12
1116,11
1117,14
1118,7
1119,15
1120,11
1121,19
1122,4
1123,11
1124,2
1125,9
1126,7
1127,1
1128,16
1129,1
1130,3
1131,3
1132,7
1133,14
1134,5
1135,15
1136,8
1137,1
1138,6
1139,1
1140,7
1141,7
1142,11
1143,8
1144,2
1145,4
1146,20
1147,15
1148,5
1149,15
1150,11
1151,9
1152,11
1153,4
1154,15
1155,7
1156,12
1157,3
1158,8
1159,6
1160,2
1161,10
1162,7
1163,10
1164,7
1165,1
1166,4
1167,11
1168,9
1169,12
1170,2
1171,5
1172,22
1173,18
1174,9
1175,6
1176,10
1177,6
1178,3
1179,2
1180,12
1181,8
1182,17
1183,9
1184,34
1185,21
1186,3
1187,6
1188,9
1189,20
1190,19
1191,13
1192,5
1193,2
1194,19
1195,4
1196,19
1197,6
1198,22
1199,13
1200,22
1201,7
1202,8
1203,12
1204,28
1205,8
1206,20
1207,2
1208,1
1209,10
1210,16
1211,19
1212,16
1213,20
1214,7
1215,19
1216,10
1217,7
1218,25
1219,10
1220,12
1221,10
1222,21
1223,15
1224,6
1225,14
1226,5
1227,1
1228,7
1229,5
1230,9
1231,16
1232,1
1233,4
1234,23
1235,10
1236,20
1237,17
1238,12
1239,4
1240,22
1241,3
1242,34
1243,6
1244,2
1245,9
1246,8
1247,6
1248,20
1249,11
1250,26
1251,2
1252,25
1253,26
1254,21
1255,2
1256,21
1257,27
1258,1
1259,1
1260,1
1261,2
1262,2
1263,7
1264,30
1265,53
1266,4
1267,6
1268,6
1269,8
1270,3
1271,2
1272,5
1273,11
1274,5
1275,5
1276,9
1277,22
1278,7
1279,7
1280,2
1281,12
1282,5
1283,27
1284,1
1285,15
1286,10
1287,10
1288,11
1289,4
1290,6
1291,27
1292,18
1293,26
1294,14
1295,22
1296,15
1297,19
1298,16
1299,2
1300,2
1301,1
1302,4
1303,35
1304,30
1305,33
1306,7
1307,23
1308,14
1309,3
1310,15
1311,21
1312,4
1313,6
1314,3
1315,14
1316,3
1317,11
1318,12
1319,13
1320,7
1321,1
1322,7
1323,5
1324,18
1325,24
1326,1
1327,7
1328,1
1329,14
1330,21
1331,10
1332,8
1333,2
1334,8
1335,15
1336,5
1337,29
1338,8
1339,13
1340,2
1341,13
1342,8
1343,14
1344,15
1345,2
1346,25
1347,5
1348,7
1349,8
1350,12
1351,32
1352,1
1353,11
1354,17
1355,9
1356,16
1357,6
1358,26
1359,13
1360,12
1361,20
1362,18
1363,52
1364,3
1365,25
1366,7
1367,22
1368,8
1369,8
1370,7
1371,11
1372,30
1373,1
1374,7
1375,5
1376,22
1377,4
1378,11
1379,16
1380,2
1381,2
1382,10
1383,2
1384,9
1385,9
1386,9
1387,3
1388,19
1389,9
1390,5
1391,13
1392,14
1393,7
1394,22
1395,3
1396,9
1397,8
1398,4
1399,2
1400,16
1401,2
1402,4
1403,16
1404,10
1405,3
1406,6
1407,19
1408,10
1409,24
1410,14
1411,12
1412,6
1413,2
1414,17
1415,13
1416,9
1417,9
1418,8
1419,16
1420,3
1421,10
1422,3
1423,29
1424,3
1425,11
1426,4
1427,7
1428,22
1429,13
1430,23
1431,4
1432,13
1433,3
1434,6
1435,11
1436,14
1437,12
1438,3
1439,14
1440,1
1441,1
1442,14
1443,13
1444,1
1445,12
1446,21
1447,2
1448,5
1449,12
1450,24
1451,12
1452,7
1453,5
1454,1
1455,5
1456,1
1457,8
1458,22
1459,16
1460,2
1461,24
1462,22
1463,8
1464,11
1465,19
1466,19
1467,22
1468,12
1469,5
1470,11
1471,3
1472,3
1473,8
1474,5
1475,6
1476,13
1477,4
1478,17
1479,36
1480,10
1481,1
1482,12
1483,33
1484,8
1485,14
1486,11
1487,26
1488,24
1489,5
1490,6
1491,11
1492,1
1493,5
1494,14
1495,1
1496,19
1497,8
1498,6
1499,9
1500,4
1501,1
1502,15
1503,8
1504,15
1505,14
1506,5
1507,15
1508,2
1509,18
1510,29
1511,13
1512,11
1513,23
1514,1
1515,2
1516,13
1517,6
1518,6
1519,3
1520,5
1521,13
1522,13
1523,4
1524,4
1525,1
1526,11
1527,5
1528,18
1529,6
1530,10
1531,5
1532,3
1533,24
1534,12
1535,6
1536,4
1537,17
1538,14
1539,26
1540,15
1541,1
1542,21
1543,1
1544,25
1545,10
1546,8
1547,11
1548,1
1549,28
1550,21
1551,1
1552,15
1553,14
1554,13
1555,9
1556,10
1557,13
1558,13
1559,3
1560,4
1561,1
1562,1
1563,13
1564,9
1565,14
1566,10
1567,5
1568,1
1569,14
1570,3
1571,5
1572,4
1573,3
1574,2
1575,9
1576,10
1577,9
1578,14
1579,16
1580,25
1581,4
1582,2
1583,17
1584,11
1585,27
1586,10
1587,1
1588,1
1589,18
1590,13
1591,4
1592,15
1593,2
1594,1
1595,17
1596,5
1597,3
1598,26
1599,12
1600,12
1601,6
1602,10
1603,11
1604,18
1605,13
1606,7
1607,12
1608,7
1609,1
1610,1
1611,20
1612,9
1613,2
1614,5
1615,14
1616,25
1617,6
1618,11
1619,4
1620,4
1621,3
1622,8
1623,10
1624,1
1625,9
1626,6
1627,4
1628,3
1629,2
1630,16
1631,1
1632,4
1633,4
1634,5
1635,13
1636,7
1637,2
1638,10
1639,12
1640,6
1641,13
1642,8
1643,4
1644,5
1645,7
1646,9
1647,14
1648,2
1649,7
1650,16
1651,6
1652,12
1653,18
1654,1
1655,10
1656,9
1657,7
1658,2
1659,12
1660,11
1661,8
1662,10
1663,18
1664,6
1665,8
1666,9
1667,7
1668,9
1669,15
1670,1
1671,11
1672,6
1673,13
1674,8
1675,10
1676,11
1677,8
1678,21
1679,12
1680,1
1681,11
1682,6
1683,5
1684,4
1685,8
1686,6
1687,9
1688,4
1689,5
1690,13
1691,13
1692,2
1693,21
1694,5
1695,12
1696,15
1697,4
1698,5
1699,11
1700,9
1701,22
1702,5
1703,6
1704,6
1705,18
1706,12
1707,16
1708,13
1709,8
1710,3
1711,10
1712,16
1713,8
1714,11
1715,5
1716,7
1717,6
1718,6
1719,10
1720,11
1721,10
1722,10
1723,15
1724,7
1725,16
1726,8
1727,4
1728,3
1729,4
1730,19
1731,8
1732,10
1733,7
1734,11
1735,26
1736,28
1737,15
1738,5
1739,16
1740,3
1741,17
1742,7
1743,1
1744,6
1745,33
1746,16
1747,9
1748,12
1749,20
1750,7
1751,7
1752,9
1753,2
1754,18
1755,10
1756,9
1757,7
1758,4
1759,14
1760,37
1761,20
1762,6
1763,6
1764,13
1765,12
1766,7
1767,4
1768,29
1769,3
1770,3
1771,15
1772,23
1773,3
1774,12
1775,7
1776,17
1777,12
1778,25
1779,14
1780,15
1781,4
1782,12
1783,9
1784,7
1785,7
1786,12
1787,18
1788,11
1789,15
1790,5
1791,1
1792,9
1793,17
1794,10
1795,9
1796,3
1797,14
1798,29
1799,21
1800,31
1801,9
1802,2
1803,12
1804,3
1805,30
1806,7
1807,1
1808,7
1809,5
1810,1
1811,22
1812,7
1813,5
1814,1
1815,10
1816,4
1817,4
1818,4
1819,9
1820,6
1821,10
1822,17
1823,2
1824,11
1825,10
1826,6
1827,13
1828,15
1829,19
1830,11
1831,7
1832,10
1833,4
1834,7
1835,1
1836,11
1837,2
1838,4
1839,11
1840,11
1841,13
1842,1
1843,17
1844,1
1845,6
1846,2
1847,5
1848,10
1849,6
1850,8
1851,6
1852,8
1853,5
1854,3
1855,22
1856,8
1857,10
1858,54
1859,5
1860,16
1861,3
1862,5
1863,5
1864,8
1865,4
1866,6
1867,5
1868,9
1869,4
1870,13
1871,12
1872,6
1873,12
1874,33
1875,1
1876,1
1877,7
1878,17
1879,19
1880,6
1881,2
1882,6
1883,43
1884,27
1885,10
1886,10
1887,16
1888,12
1889,3
1890,3
1891,7
1892,16
1893,15
1894,7
1895,3
1896,4
1897,5
1898,9
1899,9
1900,3
1901,13
1902,28
1903,2
1904,2
1905,7
1906,16
1907,7
1908,4
1909,3
1910,13
1911,1
1912,1
1913,9
1914,14
1915,17
1916,2
1917,5
1918,18
1919,22
1920,8
1921,11
1922,6
1923,9
1924,24
1925,22
1926,20
1927,7
1928,17
1929,7
1930,12
1931,9
1932,1
1933,6
1934,15
1935,4
1936,19
1937,10
1938,8
1939,10
1940,14
1941,7
1942,12
1943,3
1944,3
1945,24
1946,3
1947,25
1948,9
1949,3
1950,25
1951,8
1952,5
1953,1
1954,17
1955,13
1956,7
1957,20
1958,1
1959,11
1960,2
1961,3
1962,23
1963,3
1964,19
1965,18
1966,6
1967,11
1968,3
1969,18
1970,4
1971,5
1972,9
1973,19
1974,17
1975,16
1976,21
1977,21
1978,17
1979,12
1980,7
1981,8
1982,10
1983,4
1984,10
1985,7
1986,2
1987,4
1988,12
1989,9
1990,10
1991,27
1992,4
1993,5
1994,9
1995,9
1996,8
1997,5
1998,6
1999,29
2000,14
2001,7
2002,8
2003,5
2004,2
2005,8
2006,2
2007,11
2008,21
2009,10
2010,31
2011,8
2012,7
2013,7
2014,14
2015,18
2016,21
2017,12
2018,24
2019,25
2020,17
2021,6
2022,25
2023,11
2024,9
2025,29
2026,20
2027,13
2028,3
2029,13
2030,21
2031,13
2032,2
2033,32
2034,19
2035,6
2036,8
2037,19
2038,42
2039,19
2040,6
2041,3
2042,19
2043,1
2044,24
2045,21
2046,11
2047,9
2048,1
2049,10
2050,22
2051,5
2052,5
2053,1
2054,4
2055,8
2056,22
2057,7
2058,10
2059,19
2060,36
2061,9
2062,9
2063,13
2064,7
2065,7
2066,1
2067,29
2068,20
2069,21
2070,20
2071,17
2072,22
2073,7
2074,9
2075,3
2076,17
2077,9
2078,9
2079,4
2080,29
2081,15
2082,3
2083,4
2084,12
2085,12
2086,4
2087,20
2088,7
2089,6
2090,2
2091,5
2092,16
2093,32
2094,9
2095,21
2096,9
2097,28
2098,12
2099,5
2100,4
2101,8
2102,2
2103,5
2104,6
2105,8
2106,23
2107,12
2108,5
2109,17
2110,12
2111,3
2112,3
2113,23
2114,17
2115,1
2116,11
2117,8
2118,19
2119,1
2120,18
2121,3
2122,3
2123,8
2124,1
2125,4
2126,4
2127,5
2128,3
2129,2
2130,6
2131,1
2132,17
2133,5
2134,24
2135,6
2136,18
2137,3
2138,5
2139,5
2140,9
2141,3
2142,8
2143,10
2144,6
2145,3
2146,12
2147,13
2148,14
2149,1
2150,17
2151,7
2152,9
2153,16
2154,16
2155,1
2156,3
2157,11
2158,8
2159,3
2160,16
2161,4
2162,3
2163,5
2164,9
2165,13
2166,11
2167,11
2168,7
2169,2
2170,12
2171,5
2172,20
2173,33
2174,30
2175,9
2176,9
2177,31
2178,4
2179,16
2180,19
2181,3
2182,9
2183,4
2184,10
2185,9
2186,21
2187,4
2188,27
2189,12
2190,18
2191,9
2192,14
2193,8
2194,2
2195,2
2196,8
2197,3
2198,3
2199,5
2200,22
2201,13
2202,16
2203,3
2204,1
2205,1
2206,6
2207,9
2208,20
2209,11
2210,7
2211,5
2212,12
2213,3
2214,4
2215,9
2216,5
2217,18
2218,15
2219,13
2220,17
2221,5
2222,8
2223,13
2224,29
2225,26
2226,17
2227,16
2228,9
2229,3
2230,11
2231,11
2232,25
2233,11
2234,6
2235,3
2236,4
2237,8
2238,6
2239,18
2240,45
2241,26
2242,6
2243,5
2244,17
2245,17
2246,7
2247,13
2248,2
2249,9
2250,14
2251,7
2252,11
2253,3
2254,8
2255,3
2256,25
2257,21
2258,9
2259,1
2260,1
2261,12
2262,8
2263,7
2264,7
2265,2
2266,16
2267,8
2268,7
2269,9
2270,9
2271,1
2272,11
2273,22
2274,11
2275,18
2276,5
2277,3
2278,13
2279,13
2280,18
2281,27
2282,7
2283,21
2284,10
2285,21
2286,9
2287,22
2288,6
2289,4
2290,17
2291,4
2292,8
2293,7
2294,17
2295,35
2296,8
2297,22
2298,13
2299,4
2300,17
2301,3
2302,4
2303,5
2304,3
2305,8
2306,16
2307,4
2308,7
2309,1
2310,11
2311,1
2312,4
2313,8
2314,2
2315,15
2316,26
2317,5
2318,5
2319,11
2320,18
2321,4
2322,12
2323,16
2324,18
2325,4
2326,6
2327,17
2328,9
2329,2
2330,15
2331,23
2332,20
2333,22
2334,14
2335,17
2336,21
2337,2
2338,11
2339,7
2340,19
2341,27
2342,6
2343,5
2344,9
2345,9
2346,7
2347,1
2348,8
2349,7
2350,27
2351,4
2352,5
2353,26
2354,5
2355,24
2356,6
2357,22
2358,14
2359,1
2360,12
2361,17
2362,7
2363,3
2364,6
2365,3
2366,13
2367,6
2368,11
2369,23
2370,5
2371,1
2372,10
2373,6
2374,26
2375,6
2376,13
2377,11
2378,2
2379,4
2380,4
2381,11
2382,4
2383,29
2384,8
2385,13
2386,1
2387,6
2388,5
2389,6
2390,14
2391,14
2392,2
2393,1
2394,3
2395,17
2396,12
2397,18
2398,5
2399,3
2400,15
2401,2
2402,7
2403,3
2404,21
2405,11
2406,9
2407,10
2408,7
2409,11
2410,10
2411,14
2412,3
2413,33
2414,4
2415,4
2416,13
2417,4
2418,16
2419,11
2420,18
2421,19
2422,12
2423,18
2424,4
2425,1
2426,21
2427,5
2428,4
2429,6
2430,5
2431,9
2432,9
2433,9
2434,11
2435,8
2436,19
2437,15
2438,4
2439,1
2440,12
2441,7
2442,8
2443,5
2444,3
2445,1
2446,10
2447,11
2448,21
2449,11
2450,10
2451,10
2452,26
2453,11
2454,12
2455,22
2456,24
2457,30
2458,8
2459,9
2460,24
2461,19
2462,9
2463,16
2464,27
2465,7
2466,10
2467,2
2468,6
2469,7
2470,5
2471,5
2472,9
2473,14
2474,36
2475,14
2476,12
2477,28
2478,18
2479,10
2480,7
2481,1
2482,3
2483,13
2484,2
2485,8
2486,28
2487,1
2488,9
2489,8
2490,3
2491,14
2492,23
2493,7
2494,14
2495,11
2496,13
2497,6
2498,10
2499,5
2500,23
2501,8
2502,6
2503,31
2504,3
2505,25
2506,16
2507,6
2508,7
2509,5
2510,3
2511,7
2512,2
2513,12
2514,5
2515,5
2516,14
2517,15
2518,4
2519,13
2520,7
2521,4
2522,4
2523,1
2524,15
2525,18
2526,14
2527,11
2528,14
2529,22
2530,5
2531,9
2532,30
2533,22
2534,21
2535,11
2536,1
2537,10
2538,3
2539,19
2540,7
2541,4
2542,10
2543,4
2544,1
2545,9
2546,2
2547,20
2548,6
2549,6
2550,8
2551,26
2552,5
2553,12
2554,16
2555,22
2556,12
2557,5
2558,4
2559,14
2560,1
2561,12
2562,15
2563,2
2564,6
2565,17
2566,10
2567,3
2568,24
2569,14
2570,25
2571,26
2572,11
2573,22
2574,21
2575,25
2576,5
2577,2
2578,3
2579,1
2580,10
2581,3
2582,6
2583,3
2584,14
2585,2
2586,10
2587,19
2588,44
2589,1
2590,1
2591,2
2592,34
2593,30
2594,19
2595,7
2596,19
2597,5
2598,4
2599,1
2600,14
2601,26
2602,15
2603,3
2604,43
2605,2
2606,8
2607,2
2608,6
2609,10
2610,10
2611,8
2612,5
2613,6
2614,3
2615,8
2616,2
2617,22
2618,9
2619,9
2620,21
2621,13
2622,7
2623,15
2624,15
2625,4
2626,7
2627,14
2628,16
2629,11
2630,4
2631,8
2632,4
2633,8
2634,5
2635,2
2636,5
2637,5
2638,9
2639,9
2640,19
2641,6
2642,28
2643,19
2644,3
2645,10
2646,15
2647,5
2648,5
2649,29
2650,3
2651,5
2652,6
2653,13
2654,21
2655,1
2656,5
2657,7
2658,7
2659,15
2660,6
2661,2
2662,13
2663,14
2664,8
2665,17
2666,5
2667,14
2668,29
2669,31
2670,18
2671,2
2672,34
2673,9
2674,14
2675,2
2676,15
2677,1
2678,12
2679,18
2680,15
2681,8
2682,1
2683,35
2684,3
2685,16
2686,14
2687,10
2688,6
2689,11
2690,7
2691,12
2692,3
2693,5
2694,1
2695,34
2696,16
2697,14
2698,2
2699,3
2700,21
2701,1
2702,16
2703,5
2704,1
2705,6
2706,4
2707,8
2708,9
2709,8
2710,2
2711,2
2712,14
2713,8
2714,24
2715,14
2716,5
2717,7
2718,9
2719,2
2720,5
2721,2
2722,6
2723,17
2724,12
2725,17
2726,26
2727,18
2728,3
2729,14
2730,6
2731,26
2732,1
2733,14
2734,29
2735,15
2736,16
2737,21
2738,24
2739,21
2740,17
2741,11
2742,19
2743,2
2744,6
2745,20
2746,7
2747,10
2748,1
2749,5
2750,17
2751,9
2752,33
2753,12
2754,6
2755,24
2756,3
2757,3
2758,41
2759,2
2760,5
2761,2
2762,6
2763,10
2764,21
2765,6
2766,6
2767,7
2768,32
2769,15
2770,20
2771,5
2772,17
2773,12
2774,5
2775,16
2776,6
2777,27
2778,13
2779,4
2780,8
2781,1
2782,20
2783,13
2784,4
2785,1
2786,12
2787,9
2788,30
2789,7
2790,11
2791,11
2792,11
2793,7
2794,15
2795,21
2796,17
2797,11
2798,7
2799,2
2800,11
2801,4
2802,8
2803,9
2804,3
2805,18
2806,5
2807,8
2808,11
2809,5
2810,3
2811,20
2812,10
2813,4
2814,1
2815,7
2816,2
2817,8
2818,20
2819,8
2820,5
2821,4
2822,5
2823,7
2824,8
2825,7
2826,3
2827,3
2828,3
2829,5
2830,4
2831,20
2832,6
2833,36
2834,8
2835,1
2836,19
2837,6
2838,11
2839,10
2840,3
2841,11
2842,5
2843,4
2844,4
2845,20
2846,6
2847,18
2848,3
2849,14
2850,20
2851,4
2852,15
2853,4
2854,1
2855,10
2856,6
2857,17
2858,6
2859,7
2860,12
2861,20
2862,3
2863,11
2864,34
2865,11
2866,7
2867,7
2868,6
2869,4
2870,3
2871,5
2872,6
2873,20
2874,7
2875,7
2876,5
2877,13
2878,8
2879,7
2880,23
2881,21
2882,2
2883,16
2884,4
2885,8
2886,22
2887,7
2888,19
2889,12
2890,7
2891,21
2892,18
2893,11
2894,23
2895,4
2896,20
2897,7
2898,9
2899,11
2900,3
2901,8
2902,11
2903,2
2904,19
2905,27
2906,5
2907,9
2908,5
2909,12
2910,8
2911,3
2912,18
2913,1
2914,5
2915,2
2916,14
2917,10
2918,22
2919,14
2920,4
2921,3
2922,2
2923,18
2924,19
2925,5
2926,4
2927,15
2928,10
2929,3
2930,8
2931,9
2932,9
2933,3
2934,4
2935,14
2936,18
2937,15
2938,15
2939,7
2940,23
2941,8
2942,10
2943,5
2944,3
2945,13
2946,10
2947,15
2948,15
2949,7
2950,4
2951,11
2952,22
2953,16
2954,5
2955,4
2956,4
2957,8
2958,14
2959,34
2960,16
2961,19
2962,6
2963,8
2964,22
2965,8
2966,5
2967,17
2968,7
2969,20
2970,4
2971,6
2972,18
2973,22
2974,7
2975,5
2976,23
2977,6
2978,22
2979,11
2980,5
2981,39
2982,13
2983,24
2984,6
2985,20
2986,9
2987,13
2988,2
2989,22
2990,23
2991,5
2992,18
2993,5
2994,8
2995,35
2996,28
2997,17
2998,13
2999,9
3000,39
3001,1
3002,10
3003,13
3004,1
3005,11
3006,15
3007,15
3008,31
3009,14
3010,16
3011,3
3012,6
3013,11
3014,2
3015,19
3016,16
3017,6
3018,32
3019,10
3020,8
3021,13
3022,14
3023,29
3024,10
3025,11
3026,7
3027,29
3028,32
3029,18
3030,7
3031,1
3032,33
3033,10
3034,33
3035,19
3036,3
3037,3
3038,22
3039,4
3040,20
3041,3
3042,13
3043,6
3044,3
3045,19
3046,1
3047,17
3048,13
3049,4
3050,20
3051,35
3052,2
3053,19
3054,17
3055,19
3056,7
3057,23
3058,17
3059,9
3060,16
3061,11
3062,14
3063,14
3064,17
3065,24
3066,7
3067,12
3068,21
3069,3
3070,15
3071,12
3072,3
3073,7
3074,20
3075,8
3076,1
3077,9
3078,3
3079,11
3080,17
3081,6
3082,22
3083,24
3084,3
3085,13
3086,2
3087,1
3088,3
3089,21
3090,24
3091,3
3092,24
3093,9
3094,22
3095,2
3096,20
3097,5
3098,23
3099,4
3100,5
3101,3
3102,4
3103,10
3104,10
3105,8
3106,1
3107,3
3108,21
3109,6
3110,7
3111,3
3112,18
3113,4
3114,5
3115,1
3116,13
3117,1
3118,7
3119,5
3120,8
3121,3
3122,15
3123,21
3124,32
3125,3
3126,3
3127,15
3128,17
3129,1
3130,7
3131,16
3132,16
3133,6
3134,5
3135,3
3136,2
3137,6
3138,11
3139,21
3140,10
3141,18
3142,10
3143,4
3144,9
3145,10
3146,5
3147,12
3148,1
3149,17
3150,10
3151,2
3152,14
3153,3
3154,2
3155,1
3156,1
3157,7
3158,9
3159,21
3160,18
3161,7
3162,19
3163,34
3164,20
3165,22
3166,16
3167,2
3168,4
3169,13
3170,22
3171,10
3172,7
3173,8
3174,4
3175,20
3176,24
3177,4
3178,32
3179,1
3180,20
3181,17
3182,17
3183,3
3184,18
3185,4
3186,16
3187,6
3188,6
3189,1
3190,2
3191,14
3192,30
3193,19
3194,4
3195,23
3196,5
3197,7
3198,2
3199,2
3200,8
3201,8
3202,23
3203,9
3204,22
3205,5
3206,6
3207,4
3208,3
3209,27
3210,9
3211,14
3212,3
3213,10
3214,9
3215,5
3216,21
3217,1
3218,20
3219,15
3220,6
3221,8
3222,11
3223,7
3224,20
3225,1
3226,14
3227,11
3228,23
3229,18
3230,24
3231,11
3232,24
3233,17
3234,11
3235,18
3236,7
3237,24
3238,7
3239,2
3240,2
3241,14
3242,8
3243,13
3244,34
3245,46
3246,21
3247,22
3248,4
3249,17
3250,9
3251,8
3252,7
3253,9
3254,7
3255,1
3256,17
3257,9
3258,10
3259,10
3260,2
3261,23
3262,3
3263,27
3264,4
3265,20
3266,12
3267,1
3268,15
3269,6
3270,20
3271,21
3272,17
3273,12
3274,22
3275,6
3276,10
3277,2
3278,8
3279,12
3280,4
3281,4
3282,25
3283,18
3284,14
3285,8
3286,5
3287,28
3288,12
3289,2
3290,23
3291,19
3292,8
3293,12
3294,2
3295,3
3296,17
3297,10
3298,8
3299,3
3300,10
3301,3
3302,4
3303,5
3304,21
3305,19
3306,7
3307,9
3308,5
3309,14
3310,12
3311,8
3312,4
3313,20
3314,2
3315,10
3316,6
3317,15
3318,1
3319,17
3320,5
3321,15
3322,24
3323,19
3324,13
3325,10
3326,16
3327,3
3328,15
3329,7
3330,17
3331,12
3332,9
3333,15
3334,2
3335,8
3336,1
3337,11
3338,3
3339,16
3340,30
3341,1
3342,12
3343,46
3344,11
3345,14
3346,4
3347,11
3348,10
3349,12
3350,4
3351,9
3352,17
3353,6
3354,3
3355,8
3356,13
3357,7
3358,3
3359,13
3360,8
3361,1
3362,3
3363,14
3364,12
3365,6
3366,6
3367,7
3368,24
3369,4
3370,1
3371,16
3372,17
3373,9
3374,10
3375,2
3376,14
3377,1
3378,3
3379,1
3380,13
3381,21
3382,5
3383,8
3384,8
3385,5
3386,7
3387,13
3388,18
3389,5
3390,2
3391,1
3392,8
3393,1
3394,1
3395,4
3396,9
3397,9
3398,2
3399,8
3400,13
3401,13
3402,7
3403,29
3404,21
3405,3
3406,16
3407,9
3408,14
3409,20
3410,13
3411,19
3412,5
3413,18
3414,1
3415,5
3416,10
3417,12
3418,17
3419,22
3420,3
3421,11
3422,24
3423,1
3424,12
3425,16
3426,17
3427,3
3428,1
3429,12
3430,7
3431,17
3432,8
3433,4
3434,1
3435,8
3436,14
3437,12
3438,1
3439,1
3440,7
3441,11
3442,9
3443,16
3444,4
3445,20
3446,9
3447,25
3448,12
3449,21
3450,23
3451,18
3452,13
3453,13
3454,30
3455,12
3456,4
3457,13
3458,6
3459,20
3460,2
3461,27
3462,20
3463,27
3464,19
3465,3
3466,33
3467,4
3468,26
3469,7
3470,2
3471,16
3472,1
3473,12
3474,16
3475,8
3476,27
3477,11
3478,15
3479,11
3480,14
3481,3
3482,20
3483,10
3484,10
3485,10
3486,7
3487,12
3488,5
3489,6
3490,10
3491,8
3492,1
3493,10
3494,7
3495,28
3496,13
3497,12
3498,1
3499,10
3500,15
3501,1
3502,19
3503,15
3504,10
3505,16
3506,11
3507,11
3508,15
3509,8
3510,4
3511,3
3512,4
3513,25
3514,11
3515,16
3516,11
3517,6
3518,10
3519,26
3520,14
3521,18
3522,11
3523,31
3524,17
3525,12
3526,2
3527,11
3528,3
3529,20
3530,2
3531,3
3532,5
3533,18
3534,1
3535,9
3536,2
3537,3
3538,18
3539,2
3540,9
3541,16
3542,13
3543,8
3544,20
3545,8
3546,13
3547,7
3548,16
3549,4
3550,6
3551,9
3552,4
3553,14
3554,14
3555,2
3556,3
3557,21
3558,14
3559,4
3560,11
3561,10
3562,8
3563,6
3564,6
3565,12
3566,11
3567,3
3568,5
3569,1
3570,2
3571,1
3572,10
3573,1
3574,6
3575,18
3576,5
3577,20
3578,28
3579,2
3580,16
3581,7
3582,14
3583,19
3584,8
3585,2
3586,13
3587,6
3588,5
3589,17
3590,3
3591,16
3592,1
3593,2
3594,20
3595,2
3596,25
3597,5
3598,18
3599,1
3600,13
3601,5
3602,7
3603,12
3604,5
3605,14
3606,4
3607,9
3608,10
3609,13
3610,13
3611,1
3612,1
3613,8
3614,5
3615,11
3616,3
3617,2
3618,13
3619,4
3620,7
3621,15
3622,2
3623,13
3624,15
3625,13
3626,15
3627,9
3628,8
3629,12
3630,4
3631,4
3632,3
3633,19
3634,12
3635,9
3636,2
3637,3
3638,10
3639,7
3640,7
3641,3
3642,14
3643,5
3644,3
3645,13
3646,4
3647,1
3648,3
3649,9
3650,13
3651,6
3652,7
3653,8
3654,14
3655,8
3656,6
3657,13
3658,27
3659,1
3660,8
3661,8
3662,8
3663,8
3664,3
3665,22
3666,14
3667,11
3668,8
3669,12
3670,3
3671,13
3672,3
3673,6
3674,11
3675,10
3676,1
3677,14
3678,9
3679,8
3680,11
3681,5
3682,1
3683,2
3684,2
3685,1
3686,7
3687,19
3688,6
3689,6
3690,16
3691,9
3692,16
3693,4
3694,3
3695,4
3696,7
3697,2
3698,10
3699,5
3700,13
3701,14
3702,6
3703,4
3704,6
3705,5
3706,7
3707,13
3708,1
3709,22
3710,15
3711,19
3712,2
3713,4
3714,3
3715,14
3716,8
3717,16
3718,3
3719,8
3720,3
3721,19
3722,8
3723,1
3724,6
3725,27
3726,4
3727,7
3728,10
3729,19
3730,9
3731,6
3732,17
3733,3
3734,9
3735,5
3736,5
3737,6
3738,6
3739,9
3740,25
3741,5
3742,16
3743,4
3744,4
3745,14
3746,9
3747,8
3748,28
3749,2
3750,8
3751,9
3752,11
3753,1
3754,15
3755,8
3756,2
3757,3
3758,20
3759,14
3760,12
3761,4
3762,3
3763,10
3764,1
3765,5
3766,9
3767,16
3768,13
3769,13
3770,6
3771,12
3772,5
3773,9
3774,6
3775,2
3776,2
3777,7
3778,4
3779,3
3780,33
3781,6
3782,13
3783,8
3784,7
3785,22
3786,15
3787,16
3788,2
3789,8
3790,11
3791,3
3792,10
3793,7
3794,9
3795,23
3796,4
3797,8
3798,5
3799,15
3800,16
3801,14
3802,7
3803,6
3804,1
3805,15
3806,7
3807,1
3808,14
3809,2
3810,9
3811,6
3812,15
3813,4
3814,20
3815,10
3816,4
3817,6
3818,2
3819,7
3820,9
3821,3
3822,4
3823,1
3824,11
3825,1
3826,7
3827,12
3828,15
3829,10
3830,10
3831,17
3832,1
3833,3
3834,12
3835,4
3836,4
3837,6
3838,39
3839,1
3840,23
3841,2
3842,22
3843,6
3844,10
3845,8
3846,6
3847,19
3848,4
3849,4
3850,8
3851,1
3852,1
3853,5
3854,13
3855,6
3856,5
3857,10
3858,11
3859,7
3860,3
3861,12
3862,2
3863,8
3864,1
3865,12
3866,1
3867,12
3868,8
3869,20
3870,4
3871,15
3872,2
3873,6
3874,2
3875,5
3876,4
3877,5
3878,27
3879,5
3880,5
3881,15
3882,8
3883,3
3884,10
3885,5
3886,14
3887,3
3888,8
3889,17
3890,10
3891,2
3892,16
3893,3
3894,9
3895,7
3896,3
3897,3
3898,11
3899,12
3900,8
3901,3
3902,18
3903,14
3904,16
3905,10
3906,16
3907,7
3908,3
3909,3
3910,5
3911,5
3912,4
3913,13
3914,11
3915,3
3916,13
3917,12
3918,6
3919,10
3920,13
3921,2
3922,3
3923,2
3924,13
3925,14
3926,13
3927,14
3928,2
3929,2
3930,13
3931,10
3932,8
3933,5
3934,10
3935,6
3936,10
3937,11
3938,17
3939,1
3940,16
3941,11
3942,5
3943,5
3944,19
3945,5
3946,2
3947,7
3948,4
3949,24
3950,4
3951,5
3952,10
3953,11
3954,20
3955,15
3956,24
3957,15
3958,3
3959,3
3960,12
3961,26
3962,27
3963,4
3964,11
3965,1
3966,7
3967,5
3968,7
3969,8
3970,2
3971,10
3972,1
3973,15
3974,3
3975,18
3976,3
3977,9
3978,14
3979,9
3980,18
3981,7
3982,8
3983,1
3984,6
3985,10
3986,14
3987,8
3988,19
3989,6
3990,24
3991,1
3992,10
3993,1
3994,2
3995,5
3996,13
3997,5
3998,22
3999,23
4000,18
4001,6
4002,18
4003,7
4004,7
4005,2
4006,14
4007,7
4008,9
4009,8
4010,15
4011,2
4012,11
4013,23
4014,29
4015,2
4016,10
4017,18
4018,27
4019,23
4020,3
4021,12
4022,27
4023,6
4024,20
4025,1
4026,2
4027,6
4028,10
4029,11
4030,2
4031,11
4032,11
4033,15
4034,3
4035,2
4036,6
4037,9
4038,3
4039,17
4040,1
4041,10
4042,5
4043,4
4044,9
4045,11
4046,3
4047,15
4048,6
4049,8
4050,11
4051,13
4052,14
4053,8
4054,7
4055,17
4056,18
4057,9
4058,18
4059,2
4060,28
4061,25
4062,7
4063,4
4064,12
4065,7
4066,4
4067,21
4068,2
4069,1
4070,10
4071,1
4072,26
4073,1
4074,9
4075,4
4076,2
4077,8
4078,20
4079,11
4080,6
4081,5
4082,8
4083,8
4084,1
4085,11
4086,6
4087,3
4088,6
4089,28
4090,9
4091,6
4092,3
4093,8
4094,20
4095,5
4096,5
4097,2
4098,12
4099,3
4100,4
4101,5
4102,14
4103,12
4104,10
4105,12
4106,7
4107,3
4108,3
4109,4
4110,3
4111,4
4112,21
4113,7
4114,3
4115,7
4116,15
4117,8
4118,11
4119,15
4120,7
4121,18
4122,2
4123,6
4124,17
4125,11
4126,6
4127,6
4128,15
4129,13
4130,2
4131,5
4132,5
4133,1
4134,3
4135,2
4136,3
4137,17
4138,13
4139,8
4140,5
4141,8
4142,5
4143,1
4144,11
4145,12
4146,1
4147,1
4148,5
4149,2
4150,6
4151,5
4152,18
4153,6
4154,20
4155,23
4156,10
4157,22
4158,3
4159,3
4160,16
4161,11
4162,3
4163,4
4164,10
4165,16
4166,24
4167,6
4168,19
4169,8
4170,8
4171,11
4172,5
4173,9
4174,4
4175,12
4176,3
4177,4
4178,3
4179,15
4180,11
4181,5
4182,27
4183,16
4184,5
4185,6
4186,3
4187,4
4188,13
4189,11
4190,1
4191,5
4192,9
4193,11
4194,12
4195,10
4196,3
4197,9
4198,7
4199,15
4200,5
4201,2
4202,4
4203,8
4204,5
4205,17
4206,25
4207,10
4208,6
4209,14
4210,17
4211,8
4212,7
4213,3
4214,5
4215,2
4216,8
4217,5
4218,15
4219,11
4220,15
4221,8
4222,22
4223,4
4224,13
4225,9
4226,11
4227,5
4228,3
4229,12
4230,14
4231,14
4232,11
4233,5
4234,7
4235,40
4236,16
4237,6
4238,11
4239,15
4240,3
4241,5
4242,4
4243,10
4244,5
4245,3
4246,2
4247,3
4248,4
4249,4
4250,3
4251,11
4252,7
4253,8
4254,5
4255,14
4256,10
4257,8
4258,2
4259,7
4260,16
4261,16
4262,17
4263,24
4264,14
4265,3
4266,2
4267,3
4268,15
4269,5
4270,17
4271,14
4272,24
4273,8
4274,12
4275,11
4276,5
4277,16
4278,3
4279,13
4280,19
4281,15
4282,11
4283,10
4284,14
4285,6
4286,11
4287,5
4288,5
4289,4
4290,16
4291,2
4292,3
4293,5
4294,8
4295,6
4296,28
4297,12
4298,10
4299,8
4300,14
4301,3
4302,3
4303,4
4304,18
4305,1
4306,3
4307,18
4308,5
4309,6
4310,5
4311,2
4312,11
4313,13
4314,7
4315,11
4316,10
4317,3
4318,10
4319,11
4320,1
4321,23
4322,3
4323,10
4324,10
4325,11
4326,3
4327,5
4328,19
4329,4
4330,10
4331,13
4332,7
4333,13
4334,5
4335,17
4336,6
4337,9
4338,6
4339,5
4340,10
4341,12
4342,6
4343,5
4344,3
4345,8
4346,16
4347,5
4348,9
4349,20
4350,1
4351,5
4352,3
4353,11
4354,7
4355,5
4356,10
4357,2
4358,18
4359,12
4360,2
4361,6
4362,10
4363,14
4364,15
4365,5
4366,12
4367,7
4368,11
4369,8
4370,5
4371,18
4372,5
4373,12
4374,5
4375,8
4376,3
4377,27
4378,9
4379,8
4380,4
4381,11
4382,9
4383,6
4384,7
4385,11
4386,8
4387,15
4388,9
4389,5
4390,3
4391,5
4392,7
4393,19
4394,5
4395,4
4396,5
4397,9
4398,2
4399,3
4400,1
4401,1
4402,3
4403,2
4404,6
4405,6
4406,3
4407,3
4408,6
4409,11
4410,1
4411,4
4412,11
4413,2
4414,13
4415,9
4416,5
4417,9
4418,4
4419,1
4420,12
4421,7
4422,7
4423,3
4424,3
4425,10
4426,5
4427,8
4428,3
4429,3
4430,9
4431,10
4432,16
4433,3
4434,8
4435,7
4436,7
4437,16
4438,15
4439,2
4440,33
4441,14
4442,12
4443,2
4444,25
4445,12
4446,16
4447,4
4448,15
4449,23
4450,14
4451,12
4452,15
4453,29
4454,27
4455,13
4456,23
4457,28
4458,25
4459,2
4460,6
4461,18
4462,10
4463,15
4464,14
4465,7
4466,11
4467,3
4468,14
4469,14
4470,14
4471,8
4472,5
4473,13
4474,35
4475,22
4476,3
4477,17
4478,2
4479,22
4480,37
4481,16
4482,5
4483,23
4484,2
4485,24
4486,12
4487,9
4488,15
4489,2
4490,12
4491,15
4492,16
4493,3
4494,15
4495,7
4496,5
4497,8
4498,10
4499,12
4500,10
4501,28
4502,7
4503,12
4504,6
4505,16
4506,16
4507,6
4508,3
4509,29
4510,2
4511,3
4512,37
4513,7
4514,27
4515,4
4516,1
4517,26
4518,6
4519,5
4520,1
4521,13
4522,19
4523,24
4524,15
4525,13
4526,9
4527,11
4528,6
4529,4
4530,17
4531,14
4532,13
4533,4
4534,6
4535,22
4536,4
4537,6
4538,11
4539,12
4540,17
4541,11
4542,13
4543,1
4544,2
4545,25
4546,32
4547,15
4548,18
4549,23
4550,30
4551,28
4552,8
4553,5
4554,3
4555,25
4556,19
4557,2
4558,1
4559,26
4560,6
4561,1
4562,7
4563,5
4564,6
4565,16
4566,5
4567,24
4568,14
4569,10
4570,10
4571,13
4572,16
4573,27
4574,23
4575,8
4576,9
4577,18
4578,3
4579,6
4580,4
4581,21
4582,13
4583,21
4584,15
4585,7
4586,21
4587,6
4588,11
4589,6
4590,7
4591,2
4592,2
4593,14
4594,4
4595,2
4596,4
4597,10
4598,14
4599,11
4600,5
4601,15
4602,5
4603,5
4604,6
4605,15
4606,6
4607,21
4608,9
4609,10
4610,7
4611,15
4612,10
4613,4
4614,6
4615,4
4616,11
4617,17
4618,7
4619,19
4620,3
4621,4
4622,3
4623,2
4624,6
4625,5
4626,23
4627,5
4628,12
4629,25
4630,13
4631,7
4632,14
4633,16
4634,3
4635,6
4636,12
4637,6
4638,5
4639,2
4640,1
4641,10
4642,2
4643,7
4644,6
4645,9
4646,11
4647,8
4648,4
4649,10
4650,17
4651,9
4652,11
4653,1
4654,15
4655,26
4656,19
4657,7
4658,5
4659,13
4660,4
4661,10
4662,5
4663,12
4664,5
4665,12
4666,6
4667,9
4668,5
4669,7
4670,7
4671,18
4672,1
4673,1
4674,19
4675,29
4676,11
4677,29
4678,21
4679,5
4680,11
4681,6
4682,12
4683,23
4684,7
4685,7
4686,20
4687,22
4688,2
4689,5
4690,5
4691,18
4692,9
4693,9
4694,27
4695,16
4696,8
4697,12
4698,15
4699,25
4700,29
4701,5
4702,14
4703,13
4704,15
4705,21
4706,22
4707,5
4708,1
4709,1
4710,5
4711,17
4712,1
4713,4
4714,14
4715,12
4716,33
4717,22
4718,24
4719,29
4720,14
4721,2
4722,13
4723,8
4724,20
4725,18
4726,6
4727,11
4728,20
4729,1
4730,55
4731,16
4732,14
4733,10
4734,8
4735,8
4736,5
4737,8
4738,9
4739,1
4740,10
4741,9
4742,6
4743,2
4744,10
4745,6
4746,3
4747,12
4748,25
4749,15
4750,3
4751,10
4752,2
4753,2
4754,12
4755,18
4756,18
4757,25
4758,16
4759,2
4760,16
4761,1
4762,11
4763,6
4764,2
4765,2
4766,3
4767,22
4768,6
4769,18
4770,27
4771,8
4772,11
4773,4
4774,9
4775,5
4776,1
4777,10
4778,8
4779,15
4780,15
4781,4
4782,10
4783,4
4784,9
4785,22
4786,1
4787,5
4788,7
4789,5
4790,3
4791,11
4792,12
4793,5
4794,7
4795,15
4796,1
4797,2
4798,5
4799,16
4800,6
4801,7
4802,4
4803,3
4804,4
4805,3
4806,27
4807,9
4808,22
4809,18
4810,2
4811,28
4812,2
4813,23
4814,1
4815,15
4816,7
4817,11
4818,17
4819,8
4820,9
4821,9
4822,8
4823,6
4824,11
4825,31
4826,18
4827,4
4828,51
4829,3
4830,7
4831,5
4832,4
4833,1
4834,2
4835,14
4836,12
4837,15
4838,8
4839,2
4840,14
4841,22
4842,10
4843,13
4844,26
4845,5
4846,7
4847,5
4848,7
4849,22
4850,6
4851,13
4852,12
4853,19
4854,7
4855,1
4856,9
4857,19
4858,9
4859,17
4860,1
4861,16
4862,12
4863,6
4864,8
4865,1
4866,1
4867,3
4868,22
4869,11
4870,1
4871,4
4872,14
4873,10
4874,17
4875,19
4876,2
4877,3
4878,10
4879,18
4880,11
4881,4
4882,18
4883,10
4884,15
4885,17
4886,1
4887,7
4888,17
4889,3
4890,3
4891,8
4892,11
4893,20
4894,2
4895,18
4896,4
4897,3
4898,6
4899,5
4900,4
4901,11
4902,1
4903,12
4904,5
4905,5
4906,14
4907,8
4908,5
4909,11
4910,12
4911,20
4912,9
4913,2
4914,18
4915,9
4916,2
4917,16
4918,11
4919,4
4920,28
4921,10
4922,7
4923,19
4924,26
4925,11
4926,9
4927,31
4928,7
4929,8
4930,7
4931,13
4932,23
4933,18
4934,11
4935,28
4936,15
4937,1
4938,9
4939,22
4940,11
4941,6
4942,17
4943,5
4944,25
4945,11
4946,24
4947,11
4948,14
4949,3
4950,6
4951,15
4952,19
4953,17
4954,9
4955,7
4956,10
4957,3
4958,1
4959,5
4960,8
4961,11
4962,11
4963,9
4964,14
4965,17
4966,4
4967,8
4968,13
4969,7
4970,8
4971,1
4972,4
4973,5
4974,12
4975,6
4976,9
4977,4
4978,10
4979,2
4980,4
4981,6
4982,6
4983,1
4984,3
4985,3
4986,2
4987,18
4988,25
4989,6
4990,11
4991,5
4992,10
4993,2
4994,8
4995,20
4996,14
4997,5
4998,12
4999,15
5000,28
5001,6
5002,4
5003,29
5004,5
5005,1
5006,6
5007,2
5008,24
5009,22
5010,5
5011,11
5012,24
5013,1
5014,37
5015,4
5016,2
5017,3
5018,21
5019,7
5020,12
5021,3
5022,18
5023,16
5024,1
5025,14
5026,11
5027,1
5028,1
5029,21
5030,21
5031,3
5032,1
5033,6
5034,15
5035,3
5036,8
5037,14
5038,5
5039,1
5040,7
5041,7
5042,27
5043,8
5044,2
5045,4
5046,3
5047,4
5048,1
5049,10
5050,18
5051,22
5052,9
5053,2
5054,18
5055,9
5056,2
5057,24
5058,2
5059,13
5060,17
5061,3
5062,23
5063,24
5064,3
5065,10
5066,13
5067,7
5068,21
5069,5
5070,9
5071,13
5072,11
5073,7
5074,2
5075,2
5076,9
5077,11
5078,20
5079,28
5080,13
5081,10
5082,2
5083,18
5084,6
5085,7
5086,3
5087,1
5088,11
5089,2
5090,7
5091,4
5092,16
5093,5
5094,10
5095,10
5096,6
5097,5
5098,14
5099,13
5100,7
5101,6
5102,5
5103,9
5104,4
5105,8
5106,17
5107,6
5108,1
5109,3
5110,5
5111,17
5112,9
5113,10
5114,15
5115,2
5116,13
5117,5
5118,8
5119,18
5120,9
5121,11
5122,3
5123,15
5124,6
5125,5
5126,4
5127,17
5128,2
5129,7
5130,7
5131,10
5132,3
5133,16
5134,11
5135,6
5136,10
5137,17
5138,5
5139,20
5140,3
5141,4
5142,6
5143,4
5144,1
5145,9
5146,15
5147,2
5148,7
5149,12
5150,11
5151,5
5152,14
5153,1
5154,11
5155,9
5156,6
5157,6
5158,5
5159,9
5160,8
5161,1
5162,4
5163,6
5164,5
5165,5
5166,21
5167,9
5168,8
5169,2
5170,5
5171,2
5172,16
5173,12
5174,29
5175,18
5176,4
5177,4
5178,3
5179,2
5180,12
5181,1
5182,8
5183,8
5184,24
5185,7
5186,8
5187,9
5188,8
5189,14
5190,14
5191,22
5192,10
5193,9
5194,9
5195,11
5196,6
5197,16
5198,8
5199,9
5200,1
5201,6
5202,5
5203,6
5204,2
5205,3
5206,24
5207,3
5208,8
5209,9
5210,17
5211,16
5212,2
5213,19
5214,18
5215,4
5216,6
5217,6
5218,11
5219,4
5220,9
5221,9
5222,1
5223,11
5224,1
5225,9
5226,5
5227,32
5228,20
5229,5
5230,6
5231,3
5232,2
5233,12
5234,2
5235,3
5236,15
5237,10
5238,15
5239,6
5240,8
5241,14
5242,8
5243,15
5244,2
5245,18
5246,5
5247,12
5248,16
5249,11
5250,10
5251,4
5252,1
5253,5
5254,12
5255,3
5256,9
5257,16
5258,3
5259,15
5260,12
5261,4
5262,4
5263,1
5264,5
5265,1
5266,14
5267,6
5268,24
5269,4
5270,5
5271,11
5272,6
5273,2
5274,4
5275,24
5276,2
5277,12
5278,1
5279,17
5280,10
5281,16
5282,2
5283,3
5284,2
5285,12
5286,18
5287,10
5288,5
5289,9
5290,10
5291,11
5292,11
5293,6
5294,10
5295,9
5296,3
5297,11
5298,5
5299,4
5300,7
5301,8
5302,17
5303,5
5304,11
5305,2
5306,5
5307,5
5308,7
5309,12
5310,6
5311,16
5312,17
5313,15
5314,6
5315,11
5316,9
5317,4
5318,16
5319,8
5320,5
5321,3
5322,20
5323,11
5324,7
5325,7
5326,11
5327,5
5328,16
5329,4
5330,6
5331,4
5332,9
5333,10
5334,2
5335,4
5336,1
5337,22
5338,14
5339,9
5340,7
5341,2
5342,7
5343,14
5344,8
5345,22
5346,3
5347,16
5348,16
5349,18
5350,21
5351,14
5352,11
5353,20
5354,3
5355,25
5356,13
5357,6
5358,13
5359,8
5360,6
5361,14
5362,20
5363,24
5364,3
5365,3
5366,10
5367,21
5368,2
5369,7
5370,1
5371,16
5372,8
5373,8
5374,10
5375,18
5376,8
5377,8
5378,5
5379,12
5380,31
5381,7
5382,4
5383,17
5384,3
5385,7
5386,6
5387,14
5388,1
5389,3
5390,13
5391,8
5392,1
5393,3
5394,8
5395,5
5396,4
5397,9
5398,2
5399,9
5400,5
5401,4
5402,6
5403,10
5404,8
5405,16
5406,13
5407,4
5408,6
5409,11
5410,9
5411,7
5412,8
5413,6
5414,2
5415,16
5416,4
5417,10
5418,7
5419,20
5420,12
5421,19
5422,27
5423,8
5424,2
5425,5
5426,5
5427,9
5428,8
5429,12
5430,14
5431,1
5432,11
5433,3
5434,11
5435,11
5436,19
5437,1
5438,10
5439,24
5440,14
5441,10
5442,2
5443,19
5444,19
5445,15
5446,3
5447,29
5448,20
5449,11
5450,1
5451,6
5452,1
5453,19
5454,17
5455,9
5456,3
5457,5
5458,23
5459,4
5460,11
5461,10
5462,13
5463,2
5464,1
5465,7
5466,8
5467,2
5468,3
5469,14
5470,7
5471,19
5472,8
5473,3
5474,7
5475,8
5476,1
5477,18
5478,5
5479,1
5480,11
5481,16
5482,7
5483,10
5484,5
5485,9
5486,6
5487,8
5488,16
5489,6
5490,22
5491,15
5492,10
5493,26
5494,12
5495,4
5496,3
5497,1
5498,13
5499,23
5500,4
5501,8
5502,20
5503,18
5504,8
5505,5
5506,1
5507,25
5508,6
5509,32
5510,20
5511,3
5512,4
5513,2
5514,9
5515,9
5516,8
5517,15
5518,17
5519,3
5520,11
5521,18
5522,1
5523,3
5524,20
5525,25
5526,5
5527,1
5528,10
5529,15
5530,6
5531,5
5532,1
5533,15
5534,13
5535,8
5536,1
5537,2
5538,16
5539,16
5540,2
5541,27
5542,2
5543,7
5544,7
5545,16
5546,2
5547,4
5548,6
5549,4
5550,2
5551,4
5552,24
5553,6
5554,11
5555,15
5556,10
5557,26
5558,21
5559,1
5560,5
5561,5
5562,28
5563,6
5564,4
5565,8
5566,3
5567,15
5568,7
5569,20
5570,1
5571,14
5572,4
5573,1
5574,4
5575,2
5576,22
5577,7
5578,2
5579,15
5580,13
5581,7
5582,8
5583,23
5584,7
5585,18
5586,4
5587,6
5588,14
5589,2
5590,2
5591,2
5592,1
5593,1
5594,12
5595,14
5596,9
5597,18
5598,18
5599,15
5600,2
5601,9
5602,11
5603,2
5604,7
5605,11
5606,16
5607,9
5608,1
5609,4
5610,10
5611,13
5612,11
5613,14
5614,5
5615,14
5616,14
5617,4
5618,9
5619,9
5620,2
5621,1
5622,8
5623,4
5624,17
5625,12
5626,13
5627,12
5628,7
5629,8
5630,13
5631,1
5632,5
5633,7
5634,6
5635,3
5636,4
5637,11
5638,7
5639,23
5640,7
5641,4
5642,12
5643,8
5644,1
5645,30
5646,1
5647,3
5648,3
5649,11
5650,3
5651,11
5652,5
5653,15
5654,11
5655,18
5656,9
5657,12
5658,1
5659,13
5660,8
5661,16
5662,1
5663,3
5664,16
5665,11
5666,20
5667,5
5668,11
5669,6
5670,10
5671,11
5672,12
5673,8
5674,4
5675,2
5676,7
5677,8
5678,3
5679,5
5680,9
5681,4
5682,14
5683,4
5684,19
5685,16
5686,8
5687,14
5688,10
5689,10
5690,16
5691,17
5692,10
5693,4
5694,15
5695,14
5696,23
5697,7
5698,8
5699,13
5700,10
5701,20
5702,20
5703,20
5704,19
5705,1
5706,3
5707,12
5708,2
5709,16
5710,8
5711,15
5712,2
5713,2
5714,14
5715,17
5716,15
5717,5
5718,18
5719,10
5720,12
5721,5
5722,7
5723,8
5724,6
5725,20
5726,1
5727,11
5728,36
5729,3
5730,2
5731,14
5732,18
5733,10
5734,7
5735,10
5736,4
5737,11
5738,28
5739,2
5740,3
5741,4
5742,3
5743,7
5744,8
5745,17
5746,1
5747,23
5748,4
5749,21
5750,21
5751,10
5752,24
5753,11
5754,1
5755,5
5756,22
5757,2
5758,17
5759,30
5760,34
5761,10
5762,4
5763,14
5764,16
5765,11
5766,15
5767,13
5768,10
5769,16
5770,5
5771,19
5772,9
5773,2
5774,3
5775,5
5776,5
5777,3
5778,7
5779,9
5780,4
5781,15
5782,15
5783,10
5784,8
5785,12
5786,10
5787,10
5788,22
5789,3
5790,5
5791,1
5792,21
5793,7
5794,17
5795,1
5796,8
5797,27
5798,18
5799,7
5800,14
5801,2
5802,5
5803,5
5804,10
5805,16
5806,4
5807,13
5808,5
5809,19
5810,14
5811,7
5812,4
5813,15
5814,10
5815,17
5816,8
5817,3
5818,23
5819,2
5820,28
5821,6
5822,3
5823,8
5824,9
5825,5
5826,4
5827,16
5828,3
5829,6
5830,10
5831,2
5832,5
5833,3
5834,29
5835,7
5836,1
5837,12
5838,10
5839,5
5840,4
5841,5
5842,4
5843,25
5844,3
5845,3
5846,14
5847,8
5848,17
5849,13
5850,1
5851,7
5852,11
5853,9
5854,8
5855,12
5856,17
5857,3
5858,22
5859,12
5860,10
5861,12
5862,21
5863,11
5864,4
5865,2
5866,15
5867,4
5868,9
5869,13
5870,4
5871,11
5872,13
5873,6
5874,19
5875,2
5876,8
5877,10
5878,28
5879,15
5880,9
5881,3
5882,16
5883,9
5884,14
5885,18
5886,7
5887,8
5888,6
5889,2
5890,10
5891,12
5892,6
5893,4
5894,13
5895,2
5896,5
5897,2
5898,9
5899,4
5900,10
5901,10
5902,2
5903,7
5904,9
5905,21
5906,10
5907,17
5908,7
5909,1
5910,2
5911,1
5912,10
5913,19
5914,28
5915,3
5916,14
5917,15
5918,3
5919,8
5920,2
5921,4
5922,18
5923,17
5924,10
5925,1
5926,7
5927,2
5928,10
5929,8
5930,6
5931,13
5932,16
5933,10
5934,28
5935,13
5936,20
5937,6
5938,15
5939,8
5940,9
5941,21
5942,24
5943,4
5944,5
5945,2
5946,10
5947,2
5948,13
5949,11
5950,4
5951,23
5952,9
5953,9
5954,7
5955,14
5956,9
5957,2
5958,10
5959,19
5960,3
5961,5
5962,6
5963,2
5964,8
5965,13
5966,6
5967,7
5968,4
5969,12
5970,2
5971,6
5972,12
5973,1
5974,6
5975,1
5976,6
5977,11
5978,12
5979,8
5980,17
5981,6
5982,3
5983,7
5984,6
5985,12
5986,8
5987,4
5988,18
5989,3
5990,6
5991,12
5992,9
5993,7
5994,7
5995,7
5996,2
5997,23
5998,5
5999,9
6000,3
6001,8
6002,17
6003,5
6004,4
6005,11
6006,3
6007,11
6008,6
6009,6
6010,3
6011,9
6012,6
6013,12
6014,3
6015,2
6016,15
6017,9
6018,3
6019,8
6020,4
6021,14
6022,7
6023,17
6024,11
6025,16
6026,11
6027,10
6028,12
6029,8
6030,12
6031,3
6032,24
6033,14
6034,4
6035,1
6036,13
6037,2
6038,15
6039,11
6040,1
6041,9
6042,2
6043,2
6044,15
6045,1
6046,4
6047,4
6048,5
6049,10
6050,12
6051,3
6052,9
6053,26
6054,1
6055,21
6056,11
6057,14
6058,20
6059,21
6060,9
6061,3
6062,20
6063,3
6064,17
6065,1
6066,6
6067,6
6068,12
6069,20
6070,3
6071,13
6072,1
6073,16
6074,5
6075,7
6076,3
6077,4
6078,11
6079,1
6080,14
6081,1
6082,9
6083,3
6084,10
6085,8
6086,4
6087,1
6088,9
6089,10
6090,8
6091,3
6092,9
6093,3
6094,6
6095,8
6096,16
6097,4
6098,14
6099,7
6100,7
6101,5
6102,7
6103,3
6104,11
6105,1
6106,7
6107,2
6108,11
6109,8
6110,16
6111,4
6112,4
6113,7
6114,5
6115,8
6116,5
6117,10
6118,7
6119,6
6120,6
6121,8
6122,3
6123,2
6124,9
6125,5
6126,7
6127,3
6128,3
6129,13
6130,11
6131,9
6132,3
6133,19
6134,9
6135,3
6136,7
6137,15
6138,9
6139,6
6140,10
6141,11
6142,4
6143,3
6144,3
6145,5
6146,11
6147,5
6148,22
6149,10
6150,9
6151,2
6152,10
6153,10
6154,11
6155,8
6156,19
6157,4
6158,4
6159,12
6160,12
6161,13
6162,25
6163,1
6164,2
6165,14
6166,7
6167,10
6168,3
6169,11
6170,5
6171,9
6172,8
6173,9
6174,4
6175,10
6176,11
6177,5
6178,11
6179,18
6180,3
6181,7
6182,3
6183,1
6184,10
6185,29
6186,3
6187,1
6188,10
6189,15
6190,1
6191,18
6192,12
6193,6
6194,12
6195,3
6196,15
6197,7
6198,10
6199,13
6200,21
6201,12
6202,1
6203,9
6204,17
6205,11
6206,3
6207,11
6208,7
6209,1
6210,15
6211,2
6212,4
6213,18
6214,3
6215,5
6216,10
6217,24
6218,4
6219,12
6220,4
6221,3
6222,4
6223,14
6224,4
6225,4
6226,11
6227,9
6228,7
6229,1
6230,2
6231,11
6232,1
6233,3
6234,7
6235,10
6236,9
6237,9
6238,2
6239,8
6240,13
6241,1
6242,19
6243,17
6244,11
6245,14
6246,4
6247,21
6248,5
6249,7
6250,3
6251,4
6252,1
6253,5
6254,19
6255,27
6256,8
6257,16
6258,7
6259,3
6260,22
6261,15
6262,5
6263,9
6264,6
6265,5
6266,8
6267,8
6268,9
6269,2
6270,11
6271,4
6272,1
6273,2
6274,2
6275,11
6276,15
6277,12
6278,1
6279,12
6280,15
6281,6
6282,5
6283,18
6284,4
6285,3
6286,2
6287,19
6288,4
6289,18
6290,8
6291,9
6292,7
6293,6
6294,3
6295,1
6296,31
6297,1
6298,10
6299,7
6300,12
6301,3
6302,10
6303,10
6304,7
6305,4
6306,11
6307,6
6308,3
6309,2
6310,9
6311,15
6312,1
6313,40
6314,4
6315,18
6316,1
6317,23
6318,5
6319,1
6320,12
6321,8
6322,12
6323,9
6324,5
6325,4
6326,2
6327,4
6328,2
6329,10
6330,2
6331,5
6332,14
6333,12
6334,7
6335,10
6336,4
6337,1
6338,23
6339,22
6340,12
6341,7
6342,5
6343,19
6344,11
6345,2
6346,3
6347,5
6348,7
6349,3
6350,1
6351,7
6352,3
6353,19
6354,2
6355,5
6356,4
6357,12
6358,3
6359,20
6360,15
6361,1
6362,7
6363,8
6364,9
6365,8
6366,1
6367,7
6368,6
6369,12
6370,8
6371,9
6372,9
6373,22
6374,9
6375,11
6376,7
6377,8
6378,3
6379,6
6380,16
6381,3
6382,4
6383,10
6384,5
6385,3
6386,5
6387,6
6388,2
6389,10
6390,2
6391,2
6392,5
6393,9
6394,4
6395,5
6396,1
6397,3
6398,7
6399,8
6400,16
6401,12
6402,7
6403,2
6404,2
6405,19
6406,7
6407,1
6408,6
6409,2
6410,1
6411,5
6412,23
6413,15
6414,1
6415,6
6416,10
6417,15
6418,11
6419,12
6420,17
6421,8
6422,5
6423,22
6424,6
6425,10
6426,5
6427,9
6428,12
6429,21
6430,2
6431,17
6432,17
6433,1
6434,4
6435,7
6436,8
6437,22
6438,11
6439,7
6440,7
6441,13
6442,4
6443,12
6444,9
6445,3
6446,28
6447,6
6448,16
6449,5
6450,22
6451,2
6452,16
6453,7
6454,12
6455,13
6456,1
6457,5
6458,3
6459,34
6460,1
6461,3
6462,9
6463,16
6464,8
6465,3
6466,11
6467,1
6468,8
6469,7
6470,1
6471,7
6472,10
6473,21
6474,16
6475,2
6476,7
6477,1
6478,2
6479,4
6480,5
6481,2
6482,6
6483,19
6484,11
6485,13
6486,9
6487,5
6488,25
6489,4
6490,4
6491,1
6492,14
6493,3
6494,13
6495,14
6496,5
6497,18
6498,1
6499,28
6500,9
6501,6
6502,2
6503,2
6504,7
6505,16
6506,9
6507,11
6508,13
6509,5
6510,4
6511,8
6512,9
6513,9
6514,16
6515,19
6516,1
6517,7
6518,2
6519,19
6520,5
6521,6
6522,19
6523,6
6524,10
6525,14
6526,8
6527,3
6528,6
6529,21
6530,8
6531,10
6532,12
6533,19
6534,5
6535,12
6536,20
6537,3
6538,3
6539,4
6540,8
6541,1
6542,18
6543,2
6544,7
6545,11
6546,3
6547,7
6548,10
6549,7
6550,8
6551,5
6552,20
6553,14
6554,13
6555,12
6556,6
6557,5
6558,6
6559,6
6560,8
6561,14
6562,2
6563,10
6564,14
6565,8
6566,9
6567,4
6568,1
6569,13
6570,2
6571,1
6572,1
6573,1
6574,4
6575,3
6576,4
6577,14
6578,7
6579,4
6580,11
6581,4
6582,5
6583,1
6584,11
6585,4
6586,7
6587,2
6588,4
6589,13
6590,6
6591,4
6592,12
6593,10
6594,4
6595,5
6596,16
6597,11
6598,8
6599,15
6600,7
6601,7
6602,18
6603,17
6604,6
6605,13
6606,6
6607,6
6608,4
6609,8
6610,3
6611,8
6612,4
6613,7
6614,11
6615,8
6616,2
6617,17
6618,5
6619,10
6620,7
6621,9
6622,7
6623,13
6624,12
6625,12
6626,6
6627,12
6628,15
6629,4
6630,8
6631,10
6632,4
6633,3
6634,5
6635,1
6636,13
6637,11
6638,1
6639,2
6640,11
6641,6
6642,8
6643,13
6644,9
6645,6
6646,5
6647,2
6648,5
6649,24
6650,5
6651,5
6652,5
6653,3
6654,14
6655,2
6656,3
6657,16
6658,11
6659,3
6660,12
6661,9
6662,2
6663,14
6664,7
6665,1
6666,13
6667,1
6668,9
6669,13
6670,8
6671,9
6672,5
6673,13
6674,10
6675,3
6676,5
6677,1
6678,10
6679,4
6680,26
6681,11
6682,2
6683,2
6684,10
6685,9
6686,14
6687,5
6688,1
6689,7
6690,1
6691,9
6692,2
6693,17
6694,17
6695,9
6696,8
6697,14
6698,3
6699,9
6700,1
6701,1
6702,11
6703,5
6704,16
6705,12
6706,12
6707,4
6708,7
6709,5
6710,21
6711,6
6712,5
6713,4
6714,13
6715,18
6716,7
6717,1
6718,26
6719,5
6720,4
6721,10
6722,8
6723,3
6724,5
6725,2
6726,6
6727,6
6728,20
6729,8
6730,9
6731,16
6732,2
6733,1
6734,1
6735,9
6736,20
6737,10
6738,14
6739,15
6740,5
6741,5
6742,10
6743,13
6744,2
6745,7
6746,15
6747,4
6748,11
6749,19
6750,10
6751,8
6752,3
6753,4
6754,9
6755,9
6756,4
6757,12
6758,4
6759,5
6760,7
6761,12
6762,8
6763,3
6764,2
6765,2
6766,3
6767,4
6768,13
6769,13
6770,15
6771,1
6772,5
6773,4
6774,4
6775,7
6776,5
6777,3
6778,14
6779,15
6780,5
6781,5
6782,18
6783,7
6784,8
6785,3
6786,5
6787,19
6788,13
6789,11
6790,8
6791,1
6792,4
6793,2
6794,6
6795,1
6796,21
6797,8
6798,6
6799,5
6800,2
6801,15
6802,6
6803,9
6804,3
6805,5
6806,19
6807,2
6808,28
6809,11
6810,18
6811,5
6812,15
6813,3
6814,10
6815,7
6816,7
6817,11
6818,8
6819,1
6820,2
6821,8
6822,5
6823,11
6824,14
6825,1
6826,5
6827,4
6828,13
6829,18
6830,6
6831,5
6832,4
6833,19
6834,14
6835,15
6836,10
6837,7
6838,18
6839,6
6840,8
6841,7
6842,9
6843,5
6844,7
6845,14
6846,9
6847,5
6848,4
6849,8
6850,3
6851,9
6852,21
6853,6
6854,13
6855,13
6856,12
6857,7
6858,4
6859,5
6860,3
6861,4
6862,13
6863,3
6864,14
6865,16
6866,16
6867,4
6868,12
6869,9
6870,12
6871,7
6872,14
6873,2
6874,2
6875,18
6876,8
6877,3
6878,13
6879,5
6880,9
6881,9
6882,3
6883,10
6884,11
6885,2
6886,9
6887,18
6888,5
6889,4
6890,12
6891,15
6892,1
6893,4
6894,11
6895,10
6896,6
6897,13
6898,4
6899,3
6900,6
6901,8
6902,4
6903,20
6904,3
6905,3
6906,2
6907,24
6908,9
6909,8
6910,14
6911,4
6912,14
6913,10
6914,5
6915,20
6916,8
6917,6
6918,8
6919,12
6920,10
6921,9
6922,11
6923,10
6924,25
6925,9
6926,15
6927,4
6928,14
6929,14
6930,3
6931,5
6932,2
6933,17
6934,14
6935,2
6936,11
6937,2
6938,16
6939,9
6940,2
6941,37
6942,1
6943,8
6944,14
6945,33
6946,14
6947,8
6948,18
6949,26
6950,3
6951,1
6952,17
6953,4
6954,24
6955,13
6956,19
6957,11
6958,24
6959,7
6960,5
6961,13
6962,4
6963,4
6964,6
6965,6
6966,1
6967,25
6968,30
6969,17
6970,23
6971,6
6972,1
6973,11
6974,15
6975,4
6976,18
6977,18
6978,3
6979,6
6980,22
6981,12
6982,19
6983,16
6984,18
6985,12
6986,9
6987,11
6988,35
6989,8
6990,4
6991,3
6992,28
6993,2
6994,37
6995,1
6996,2
6997,9
6998,3
6999,12
7000,29
7001,10
7002,8
7003,6
7004,1
7005,11
7006,18
7007,19
7008,3
7009,19
7010,25
7011,6
7012,11
7013,15
7014,19
7015,11
7016,11
7017,23
7018,18
7019,9
7020,17
7021,27
7022,8
7023,29
7024,6
7025,15
7026,7
7027,5
7028,2
7029,12
7030,13
7031,33
7032,4
7033,3
7034,24
7035,16
7036,5
7037,14
7038,1
7039,4
7040,14
7041,6
7042,6
7043,27
7044,6
7045,21
7046,3
7047,22
7048,23
7049,1
7050,12
7051,3
7052,22
7053,11
7054,8
7055,16
7056,3
7057,3
7058,33
7059,9
7060,9
7061,13
7062,9
7063,13
7064,10
7065,8
7066,7
7067,4
7068,21
7069,5
7070,20
7071,6
7072,22
7073,1
7074,16
7075,19
7076,3
7077,10
7078,8
7079,3
7080,11
7081,4
7082,16
7083,11
7084,6
7085,9
7086,15
7087,7
7088,9
7089,8
7090,11
7091,5
7092,13
7093,4
7094,3
7095,5
7096,6
7097,14
7098,2
7099,2
7100,21
7101,14
7102,2
7103,16
7104,23
7105,12
7106,2
7107,3
7108,16
7109,12
7110,11
7111,14
7112,12
7113,12
7114,9
7115,1
7116,16
7117,5
7118,12
7119,17
7120,13
7121,5
7122,5
7123,3
7124,18
7125,8
7126,7
7127,21
7128,9
7129,17
7130,18
7131,2
7132,9
7133,6
7134,17
7135,14
7136,3
7137,8
7138,24
7139,2
7140,10
7141,13
7142,14
7143,6
7144,33
7145,7
7146,2
7147,5
7148,2
7149,6
7150,11
7151,3
7152,4
7153,5
7154,3
7155,17
7156,12
7157,11
7158,21
7159,3
7160,3
7161,11
7162,21
7163,10
7164,18
7165,4
7166,4
7167,11
7168,3
7169,7
7170,16
7171,4
7172,9
7173,7
7174,14
7175,33
7176,5
7177,8
7178,1
7179,8
7180,3
7181,3
7182,16
7183,1
7184,14
7185,12
7186,16
7187,5
7188,6
7189,3
7190,16
7191,11
7192,2
7193,20
7194,8
7195,7
7196,1
7197,5
7198,8
7199,14
7200,25
7201,15
7202,7
7203,27
7204,15
7205,40
7206,37
7207,17
7208,11
7209,14
7210,34
7211,9
7212,10
7213,29
7214,7
7215,10
7216,10
7217,3
7218,6
7219,13
7220,6
7221,1
7222,10
7223,15
7224,12
7225,1
7226,18
7227,8
7228,8
7229,11
7230,17
7231,10
7232,30
7233,12
7234,24
7235,25
7236,6
7237,30
7238,26
7239,15
7240,13
7241,19
7242,20
7243,26
7244,20
7245,48
7246,9
7247,4
7248,13
7249,1
7250,29
7251,10
7252,13
7253,5
7254,8
7255,10
7256,7
7257,17
7258,2
7259,8
7260,26
7261,4
7262,5
7263,4
7264,7
7265,23
7266,30
7267,22
7268,7
7269,22
7270,21
7271,14
7272,12
7273,22
7274,19
7275,15
7276,7
7277,22
7278,4
7279,1
7280,3
7281,11
7282,28
7283,16
7284,16
7285,9
7286,35
7287,2
7288,6
7289,7
7290,1
7291,22
7292,5
7293,4
7294,4
7295,1
7296,6
7297,10
7298,22
7299,6
7300,8
7301,18
7302,1
7303,47
7304,15
7305,24
7306,1
7307,10
7308,5
7309,9
7310,13
7311,10
7312,26
7313,10
7314,7
7315,16
7316,8
7317,8
7318,1
7319,16
7320,6
7321,4
7322,9
7323,14
7324,24
7325,7
7326,12
7327,12
7328,38
7329,8
7330,5
7331,3
7332,15
7333,9
7334,5
7335,5
7336,16
7337,5
7338,2
7339,9
7340,8
7341,6
7342,7
7343,3
7344,7
7345,12
7346,17
7347,16
7348,12
7349,20
7350,11
7351,12
7352,3
7353,9
7354,11
7355,14
7356,3
7357,20
7358,3
7359,18
7360,10
7361,14
7362,12
7363,30
7364,22
7365,3
7366,8
7367,9
7368,21
7369,23
7370,11
7371,2
7372,7
7373,13
7374,2
7375,2
7376,12
7377,3
7378,11
7379,7
7380,8
7381,10
7382,17
7383,9
7384,3
7385,12
7386,8
7387,8
7388,1
7389,16
7390,19
7391,7
7392,8
7393,7
7394,5
7395,17
7396,13
7397,1
7398,30
7399,2
7400,3
7401,8
7402,11
7403,1
7404,22
7405,6
7406,10
7407,11
7408,16
7409,21
7410,20
7411,8
7412,8
7413,17
7414,30
7415,3
7416,14
7417,3
7418,4
7419,9
7420,14
7421,29
7422,14
7423,25
7424,11
7425,19
7426,13
7427,9
7428,6
7429,4
7430,5
7431,5
7432,4
7433,4
7434,11
7435,1
7436,6
7437,4
7438,14
7439,2
7440,13
7441,8
7442,19
7443,11
7444,9
7445,13
7446,4
7447,8
7448,5
7449,7
7450,22
7451,11
7452,7
7453,8
7454,6
7455,27
7456,14
7457,13
7458,3
7459,1
7460,5
7461,1
7462,10
7463,7
7464,11
7465,15
7466,2
7467,7
7468,6
7469,3
7470,7
7471,3
7472,10
7473,17
7474,3
7475,10
7476,3
7477,4
7478,6
7479,25
7480,4
7481,4
7482,18
7483,18
7484,19
7485,4
7486,4
7487,24
7488,3
7489,21
7490,3
7491,4
7492,8
7493,20
7494,4
7495,13
7496,5
7497,8
7498,17
7499,1
7500,1
7501,4
7502,14
7503,11
7504,6
7505,20
7506,14
7507,8
7508,8
7509,14
7510,11
7511,7
7512,2
7513,11
7514,13
7515,1
7516,23
7517,6
7518,4
7519,14
7520,20
7521,4
7522,8
7523,5
7524,5
7525,10
7526,7
7527,2
7528,5
7529,4
7530,12
7531,3
7532,7
7533,4
7534,2
7535,13
7536,3
7537,18
7538,26
7539,1
7540,20
7541,3
7542,9
7543,18
7544,10
7545,1
7546,7
7547,5
7548,3
7549,5
7550,7
7551,10
7552,5
7553,15
7554,15
7555,3
7556,2
7557,1
7558,4
7559,15
7560,5
7561,2
7562,9
7563,3
7564,3
7565,1
7566,4
7567,16
7568,7
7569,7
7570,12
7571,4
7572,2
7573,13
7574,2
7575,3
7576,2
7577,8
7578,14
7579,4
7580,1
7581,2
7582,9
7583,8
7584,10
7585,4
7586,2
7587,11
7588,10
7589,6
7590,4
7591,3
7592,9
7593,10
7594,12
7595,9
7596,16
7597,5
7598,10
7599,13
7600,4
7601,6
7602,14
7603,14
7604,8
7605,12
7606,4
7607,5
7608,9
7609,6
7610,3
7611,4
7612,9
7613,8
7614,8
7615,1
7616,5
7617,11
7618,11
7619,12
7620,6
7621,1
7622,3
7623,2
7624,7
7625,10
7626,2
7627,2
7628,1
7629,4
7630,2
7631,13
7632,4
7633,13
7634,6
7635,11
7636,7
7637,2
7638,11
7639,22
7640,4
7641,19
7642,6
7643,3
7644,13
7645,4
7646,18
7647,23
7648,8
7649,8
7650,13
7651,1
7652,3
7653,4
7654,2
7655,6
7656,15
7657,3
7658,3
7659,6
7660,1
7661,9
7662,12
7663,5
7664,15
7665,12
7666,4
7667,8
7668,6
7669,7
7670,12
7671,9
7672,10
7673,8
7674,14
7675,11
7676,9
7677,16
7678,7
7679,9
7680,6
7681,14
7682,7
7683,3
7684,17
7685,9
7686,13
7687,18
7688,4
7689,7
7690,1
7691,6
7692,4
7693,3
7694,7
7695,5
7696,9
7697,2
7698,17
7699,10
7700,6
7701,1
7702,8
7703,7
7704,6
7705,12
7706,1
7707,4
7708,16
7709,6
7710,5
7711,11
7712,15
7713,2
7714,11
7715,5
7716,10
7717,1
7718,15
7719,14
7720,8
7721,11
7722,13
7723,1
7724,1
7725,5
7726,11
7727,18
7728,12
7729,2
7730,14
7731,2
7732,13
7733,19
7734,1
7735,5
7736,7
7737,13
7738,16
7739,15
7740,20
7741,3
7742,9
7743,6
7744,8
7745,16
7746,4
7747,8
7748,5
7749,6
7750,8
7751,1
7752,10
7753,7
7754,1
7755,5
7756,4
7757,4
7758,9
7759,6
7760,18
7761,11
7762,9
7763,2
7764,8
7765,8
7766,1
7767,1
7768,7
7769,15
7770,5
7771,7
7772,4
7773,6
7774,21
7775,3
7776,5
7777,6
7778,5
7779,12
7780,2
7781,27
7782,2
7783,17
7784,9
7785,13
7786,9
7787,8
7788,3
7789,4
7790,10
7791,1
7792,8
7793,8
7794,2
7795,3
7796,7
7797,10
7798,26
7799,3
7800,21
7801,1
7802,6
7803,6
7804,5
7805,3
7806,1
7807,10
7808,2
7809,6
7810,4
7811,13
7812,5
7813,1
7814,7
7815,1
7816,6
7817,2
7818,5
7819,1
7820,8
7821,1
7822,3
7823,28
7824,1
7825,11
7826,2
7827,4
7828,7
7829,4
7830,10
7831,8
7832,1
7833,6
7834,6
7835,12
7836,16
7837,5
7838,5
7839,2
7840,4
7841,11
7842,18
7843,10
7844,3
7845,1
7846,2
7847,6
7848,4
7849,10
7850,4
7851,6
7852,9
7853,6
7854,9
7855,1
7856,8
7857,6
7858,1
7859,8
7860,7
7861,1
7862,16
7863,6
7864,13
7865,3
7866,15
7867,8
7868,10
7869,4
7870,4
7871,10
7872,9
7873,7
7874,14
7875,3
7876,1
7877,22
7878,3
7879,1
7880,2
7881,9
7882,9
7883,6
7884,7
7885,9
7886,5
7887,12
7888,10
7889,2
7890,6
7891,7
7892,3
7893,8
7894,16
7895,3
7896,4
7897,29
7898,9
7899,6
7900,7
7901,6
7902,10
7903,1
7904,9
7905,25
7906,9
7907,7
7908,15
7909,15
7910,1
7911,4
7912,8
7913,10
7914,9
7915,14
7916,11
7917,1
7918,10
7919,12
7920,13
7921,23
7922,3
7923,20
7924,7
7925,5
7926,6
7927,4
7928,3
7929,11
7930,5
7931,26
7932,6
7933,4
7934,6
7935,5
7936,4
7937,15
7938,5
7939,16
7940,7
7941,2
7942,4
7943,5
7944,3
7945,17
7946,17
7947,5
7948,9
7949,11
7950,7
7951,1
7952,11
7953,3
7954,5
7955,13
7956,5
7957,6
7958,3
7959,3
7960,8
7961,7
7962,4
7963,9
7964,4
7965,26
7966,6
7967,6
7968,5
7969,11
7970,3
7971,12
7972,1
7973,21
7974,24
7975,1
7976,20
7977,19
7978,21
7979,16
7980,6
7981,7
7982,3
7983,2
7984,6
7985,14
7986,13
7987,7
7988,5
7989,4
7990,6
7991,7
7992,11
7993,13
7994,3
7995,15
7996,7
7997,1
7998,6
7999,15
8000,16
8001,13
8002,2
8003,9
8004,1
8005,8
8006,5
8007,4
8008,10
8009,19
8010,1
8011,17
8012,8
8013,20
8014,16
8015,5
8016,12
8017,3
8018,13
8019,3
8020,7
8021,6
8022,3
8023,3
8024,4
8025,3
8026,6
8027,2
8028,3
8029,1
8030,1
8031,2
8032,15
8033,4
8034,5
8035,23
8036,5
8037,19
8038,7
8039,3
8040,11
8041,16
8042,18
8043,2
8044,9
8045,12
8046,7
8047,4
8048,9
8049,21
8050,5
8051,23
8052,2
8053,16
8054,6
8055,14
8056,2
8057,6
8058,16
8059,5
8060,16
8061,3
8062,3
8063,8
8064,2
8065,14
8066,15
8067,6
8068,7
8069,4
8070,13
8071,2
8072,5
8073,2
8074,9
8075,10
8076,10
8077,3
8078,8
8079,6
8080,8
8081,16
8082,3
8083,8
8084,3
8085,2
8086,5
8087,6
8088,4
8089,1
8090,5
8091,9
8092,2
8093,4
8094,12
8095,7
8096,7
8097,15
8098,11
8099,2
8100,9
8101,4
8102,10
8103,7
8104,6
8105,6
8106,2
8107,6
8108,1
8109,16
8110,9
8111,1
8112,8
8113,22
8114,22
8115,12
8116,12
8117,10
8118,1
8119,4
8120,5
8121,10
8122,10
8123,5
8124,12
8125,7
8126,26
8127,5
8128,17
8129,12
8130,14
8131,7
8132,10
8133,9
8134,5
8135,2
8136,1
8137,3
8138,4
8139,8
8140,18
8141,2
8142,2
8143,15
8144,8
8145,17
8146,9
8147,7
8148,11
8149,8
8150,7
8151,13
8152,10
8153,3
8154,10
8155,5
8156,15
8157,7
8158,8
8159,2
8160,2
8161,9
8162,6
8163,8
8164,14
8165,4
8166,12
8167,7
8168,10
8169,17
8170,13
8171,20
8172,16
8173,1
8174,12
8175,8
8176,1
8177,3
8178,3
8179,16
8180,4
8181,11
8182,16
8183,20
8184,6
8185,2
8186,1
8187,14
8188,4
8189,11
8190,4
8191,2
8192,9
8193,4
8194,8
8195,13
8196,18
8197,4
8198,4
8199,15
8200,22
8201,4
8202,2
8203,13
8204,4
8205,9
8206,1
8207,5
8208,8
8209,13
8210,4
8211,3
8212,3
8213,28
8214,7
8215,4
8216,13
8217,14
8218,4
8219,10
8220,10
8221,14
8222,14
8223,2
8224,9
8225,3
8226,3
8227,11
8228,9
8229,9
8230,5
8231,4
8232,13
8233,6
8234,7
8235,4
8236,11
8237,12
8238,7
8239,10
8240,16
8241,7
8242,9
8243,3
8244,5
8245,7
8246,5
8247,6
8248,8
8249,1
8250,6
8251,4
8252,5
8253,6
8254,9
8255,14
8256,17
8257,1
8258,2
8259,2
8260,6
8261,4
8262,4
8263,13
8264,25
8265,13
8266,5
8267,16
8268,3
8269,13
8270,1
8271,14
8272,7
8273,16
8274,2
8275,9
8276,5
8277,3
8278,1
8279,5
8280,3
8281,2
8282,7
8283,1
8284,11
8285,5
8286,13
8287,3
8288,8
8289,2
8290,23
8291,17
8292,1
8293,38
8294,15
8295,18
8296,4
8297,22
8298,1
8299,3
8300,3
8301,9
8302,1
8303,3
8304,2
8305,6
8306,7
8307,6
8308,2
8309,16
8310,5
8311,4
8312,3
8313,5
8314,10
8315,6
8316,12
8317,4
8318,1
8319,11
8320,14
8321,5
8322,18
8323,18
8324,16
8325,10
8326,11
8327,11
8328,5
8329,6
8330,18
8331,12
8332,3
8333,16
8334,4
8335,10
8336,1
8337,2
8338,10
8339,5
8340,10
8341,14
8342,6
8343,4
8344,2
8345,11
8346,1
8347,1
8348,7
8349,4
8350,10
8351,13
8352,6
8353,15
8354,14
8355,1
8356,10
8357,3
8358,8
8359,22
8360,17
8361,10
8362,7
8363,15
8364,1
8365,6
8366,7
8367,7
8368,10
8369,4
8370,4
8371,5
8372,23
8373,7
8374,13
8375,3
8376,15
8377,8
8378,7
8379,2
8380,20
8381,9
8382,9
8383,10
8384,1
8385,16
8386,5
8387,4
8388,9
8389,23
8390,1
8391,8
8392,6
8393,21
8394,13
8395,8
8396,1
8397,12
8398,10
8399,1
8400,36
8401,16
8402,9
8403,5
8404,1
8405,3
8406,14
8407,8
8408,1
8409,3
8410,18
8411,6
8412,14
8413,3
8414,15
8415,8
8416,21
8417,16
8418,22
8419,7
8420,4
8421,12
8422,2
8423,8
8424,3
8425,9
8426,31
8427,12
8428,4
8429,1
8430,26
8431,6
8432,2
8433,6
8434,7
8435,1
8436,7
8437,13
8438,2
8439,19
8440,6
8441,8
8442,1
8443,15
8444,1
8445,20
8446,8
8447,10
8448,5
8449,12
8450,2
8451,20
8452,11
8453,1
8454,11
8455,6
8456,2
8457,17
8458,7
8459,6
8460,17
8461,7
8462,6
8463,8
8464,12
8465,19
8466,8
8467,8
8468,18
8469,20
8470,1
8471,15
8472,3
8473,28
8474,9
8475,4
8476,8
8477,23
8478,4
8479,31
8480,18
8481,7
8482,9
8483,1
8484,11
8485,1
8486,8
8487,8
8488,20
8489,3
8490,18
8491,9
8492,11
8493,11
8494,10
8495,5
8496,13
8497,12
8498,14
8499,17
8500,9
8501,2
8502,22
8503,6
8504,6
8505,20
8506,4
8507,7
8508,18
8509,17
8510,14
8511,25
8512,4
8513,1
8514,9
8515,27
8516,17
8517,3
8518,4
8519,29
8520,8
8521,6
8522,27
8523,6
8524,3
8525,11
8526,5
8527,31
8528,1
8529,5
8530,24
8531,3
8532,27
8533,10
8534,13
8535,1
8536,1
8537,9
8538,12
8539,6
8540,16
8541,8
8542,7
8543,7
8544,9
8545,2
8546,5
8547,1
8548,14
8549,11
8550,9
8551,9
8552,3
8553,17
8554,2
8555,7
8556,4
8557,20
8558,7
8559,4
8560,17
8561,2
8562,1
8563,10
8564,2
8565,4
8566,9
8567,25
8568,7
8569,9
8570,8
8571,19
8572,8
8573,4
8574,8
8575,13
8576,21
8577,11
8578,5
8579,11
8580,9
8581,2
8582,21
8583,17
8584,3
8585,9
8586,18
8587,1
8588,10
8589,25
8590,7
8591,2
8592,8
8593,8
8594,18
8595,12
8596,1
8597,9
8598,7
8599,3
8600,4
8601,2
8602,5
8603,4
8604,1
8605,16
8606,5
8607,6
8608,28
8609,1
8610,7
8611,8
8612,25
8613,10
8614,12
8615,14
8616,5
8617,6
8618,4
8619,1
8620,19
8621,17
8622,3
8623,8
8624,5
8625,1
8626,10
8627,8
8628,12
8629,23
8630,12
8631,20
8632,6
8633,2
8634,10
8635,21
8636,18
8637,15
8638,8
8639,4
8640,8
8641,4
8642,6
8643,20
8644,7
8645,3
8646,8
8647,9
8648,15
8649,15
8650,17
8651,10
8652,13
8653,10
8654,1
8655,4
8656,3
8657,11
8658,4
8659,6
8660,28
8661,14
8662,8
8663,5
8664,18
8665,7
8666,20
8667,6
8668,1
8669,2
8670,7
8671,4
8672,9
8673,5
8674,6
8675,10
8676,13
8677,23
8678,11
8679,19
8680,8
8681,7
8682,10
8683,6
8684,15
8685,11
8686,13
8687,8
8688,17
8689,1
8690,38
8691,5
8692,29
8693,6
8694,11
8695,17
8696,3
8697,5
8698,10
8699,1
8700,5
8701,14
8702,21
8703,9
8704,14
8705,4
8706,5
8707,6
8708,18
8709,9
8710,7
8711,3
8712,1
8713,8
8714,10
8715,16
8716,18
8717,13
8718,11
8719,16
8720,4
8721,1
8722,23
8723,5
8724,4
8725,11
8726,2
8727,1
8728,26
8729,9
8730,17
8731,10
8732,1
8733,1
8734,7
8735,19
8736,12
8737,12
8738,10
8739,6
8740,16
8741,10
8742,20
8743,15
8744,1
8745,14
8746,2
8747,6
8748,4
8749,14
8750,14
8751,15
8752,9
8753,5
8754,3
8755,6
8756,10
8757,10
8758,15
8759,1
8760,8
8761,12
8762,28
8763,2
8764,6
8765,9
8766,3
8767,25
8768,17
8769,5
8770,2
8771,12
8772,5
8773,5
8774,13
8775,9
8776,14
8777,7
8778,13
8779,7
8780,1
8781,12
8782,1
8783,2
8784,13
8785,20
8786,19
8787,1
8788,13
8789,6
8790,3
8791,2
8792,20
8793,12
8794,7
8795,3
8796,2
8797,20
8798,9
8799,7
8800,1
8801,12
8802,2
8803,2
8804,26
8805,10
8806,5
8807,2
8808,15
8809,31
8810,6
8811,12
8812,10
8813,4
8814,2
8815,5
8816,8
8817,17
8818,18
8819,5
8820,7
8821,5
8822,9
8823,8
8824,5
8825,13
8826,18
8827,4
8828,12
8829,3
8830,10
8831,6
8832,16
8833,12
8834,6
8835,13
8836,5
8837,7
8838,2
8839,17
8840,2
8841,10
8842,8
8843,8
8844,2
8845,15
8846,2
8847,11
8848,24
8849,12
8850,17
8851,2
8852,14
8853,14
8854,14
8855,8
8856,14
8857,11
8858,17
8859,10
8860,10
8861,3
8862,10
8863,17
8864,4
8865,4
8866,9
8867,20
8868,5
8869,9
8870,3
8871,20
8872,6
8873,6
8874,11
8875,11
8876,5
8877,1
8878,6
8879,3
8880,26
8881,9
8882,13
8883,19
8884,11
8885,6
8886,11
8887,28
8888,20
8889,13
8890,9
8891,4
8892,9
8893,6
8894,13
8895,6
8896,3
8897,8
8898,12
8899,19
8900,10
8901,17
8902,8
8903,7
8904,20
8905,19
8906,11
8907,1
8908,18
8909,4
8910,3
8911,8
8912,38
8913,28
8914,13
8915,1
8916,8
8917,3
8918,10
8919,13
8920,2
8921,29
8922,5
8923,22
8924,1
8925,7
8926,3
8927,4
8928,14
8929,26
8930,1
8931,4
8932,13
8933,5
8934,11
8935,17
8936,10
8937,7
8938,28
8939,3
8940,18
8941,3
8942,10
8943,11
8944,1
8945,2
8946,8
8947,8
8948,25
8949,16
8950,34
8951,5
8952,4
8953,3
8954,11
8955,24
8956,14
8957,5
8958,4
8959,7
8960,13
8961,6
8962,6
8963,13
8964,9
8965,12
8966,1
8967,7
8968,33
8969,26
8970,11
8971,6
8972,11
8973,7
8974,1
8975,8
8976,14
8977,13
8978,9
8979,11
8980,19
8981,4
8982,6
8983,15
8984,3
8985,12
8986,3
8987,10
8988,6
8989,12
8990,12
8991,21
8992,10
8993,16
8994,16
8995,15
8996,2
8997,27
8998,5
8999,14
9000,2
9001,18
9002,20
9003,21
9004,3
9005,6
9006,18
9007,11
9008,5
9009,3
9010,8
9011,9
9012,7
9013,3
9014,16
9015,9
9016,2
9017,14
9018,2
9019,17
9020,5
9021,9
9022,15
9023,5
9024,12
9025,15
9026,10
9027,10
9028,2
9029,18
9030,2
9031,5
9032,26
9033,9
9034,18
9035,9
9036,4
9037,1
9038,6
9039,13
9040,4
9041,6
9042,8
9043,8
9044,8
9045,12
9046,1
9047,4
9048,9
9049,3
9050,12
9051,4
9052,5
9053,11
9054,1
9055,13
9056,7
9057,9
9058,3
9059,5
9060,15
9061,9
9062,11
9063,16
9064,22
9065,1
9066,16
9067,1
9068,2
9069,2
9070,4
9071,16
9072,9
9073,7
9074,2
9075,18
9076,11
9077,24
9078,7
9079,6
9080,17
9081,16
9082,1
9083,4
9084,36
9085,11
9086,8
9087,2
9088,2
9089,5
9090,8
9091,1
9092,13
9093,14
9094,17
9095,3
9096,14
9097,8
9098,13
9099,12
9100,10
9101,4
9102,6
9103,1
9104,13
9105,8
9106,9
9107,19
9108,8
9109,15
9110,26
9111,14
9112,3
9113,3
9114,13
9115,2
9116,10
9117,4
9118,19
9119,10
9120,1
9121,11
9122,8
9123,5
9124,41
9125,8
9126,23
9127,1
9128,2
9129,19
9130,6
9131,9
9132,17
9133,20
9134,3
9135,14
9136,3
9137,5
9138,9
9139,9
9140,3
9141,21
9142,1
9143,2
9144,17
9145,14
9146,15
9147,3
9148,11
9149,3
9150,7
9151,7
9152,11
9153,11
9154,14
9155,2
9156,7
9157,3
9158,5
9159,2
9160,25
9161,15
9162,18
9163,3
9164,9
9165,7
9166,8
9167,18
9168,4
9169,30
9170,19
9171,4
9172,21
9173,12
9174,2
9175,15
9176,12
9177,10
9178,8
9179,5
9180,27
9181,10
9182,1
9183,4
9184,4
9185,39
9186,8
9187,15
9188,9
9189,17
9190,21
9191,12
9192,3
9193,24
9194,6
9195,4
9196,11
9197,11
9198,6
9199,5
9200,8
9201,8
9202,2
9203,17
9204,15
9205,13
9206,11
9207,3
9208,15
9209,10
9210,2
9211,18
9212,9
9213,29
9214,19
9215,7
9216,1
9217,20
9218,20
9219,9
9220,3
9221,22
9222,12
9223,25
9224,5
9225,35
9226,13
9227,25
9228,1
9229,11
9230,21
9231,6
9232,5
9233,2
9234,4
9235,8
9236,9
9237,8
9238,6
9239,9
9240,23
9241,3
9242,5
9243,12
9244,16
9245,14
9246,17
9247,21
9248,11
9249,9
9250,9
9251,10
9252,1
9253,9
9254,16
9255,8
9256,10
9257,30
9258,5
9259,28
9260,1
9261,1
9262,21
9263,3
9264,2
9265,11
9266,37
9267,2
9268,14
9269,11
9270,12
9271,32
9272,10
9273,1
9274,14
9275,4
9276,14
9277,3
9278,13
9279,5
9280,14
9281,7
9282,8
9283,9
9284,3
9285,17
9286,3
9287,11
9288,5
9289,7
9290,15
9291,6
9292,21
9293,4
9294,3
9295,2
9296,12
9297,5
9298,3
9299,37
9300,2
9301,5
9302,7
9303,1
9304,30
9305,7
9306,4
9307,6
9308,33
9309,25
9310,10
9311,12
9312,6
9313,1
9314,20
9315,2
9316,10
9317,18
9318,12
9319,4
9320,4
9321,14
9322,5
9323,9
9324,4
9325,8
9326,8
9327,29
9328,8
9329,9
9330,13
9331,13
9332,12
9333,8
9334,22
9335,11
9336,10
9337,19
9338,3
9339,6
9340,23
9341,1
9342,2
9343,13
9344,8
9345,2
9346,2
9347,11
9348,8
9349,20
9350,20
9351,7
9352,1
9353,20
9354,1
9355,6
9356,3
9357,7
9358,4
9359,7
9360,5
9361,18
9362,2
9363,13
9364,7
9365,3
9366,12
9367,9
9368,1
9369,2
9370,10
9371,6
9372,1
9373,4
9374,3
9375,11
9376,8
9377,3
9378,27
9379,10
9380,16
9381,6
9382,35
9383,9
9384,7
9385,21
9386,6
9387,25
9388,11
9389,23
9390,16
9391,2
9392,1
9393,25
9394,18
9395,10
9396,20
9397,23
9398,15
9399,20
9400,12
9401,32
9402,13
9403,8
9404,6
9405,17
9406,12
9407,17
9408,3
9409,7
9410,5
9411,16
9412,7
9413,11
9414,8
9415,3
9416,7
9417,11
9418,5
9419,5
9420,20
9421,9
9422,10
9423,9
9424,6
9425,16
9426,6
9427,15
9428,4
9429,12
9430,4
9431,18
9432,5
9433,1
9434,5
9435,12
9436,8
9437,6
9438,9
9439,2
9440,11
9441,7
9442,16
9443,11
9444,12
9445,4
9446,10
9447,19
9448,2
9449,10
9450,17
9451,23
9452,11
9453,24
9454,12
9455,21
9456,9
9457,10
9458,12
9459,11
9460,6
9461,14
9462,26
9463,6
9464,23
9465,11
9466,8
9467,11
9468,2
9469,6
9470,11
9471,17
9472,7
9473,20
9474,2
9475,15
9476,4
9477,1
9478,22
9479,2
9480,14
9481,2
9482,17
9483,3
9484,18
9485,10
9486,9
9487,1
9488,12
9489,8
9490,16
9491,13
9492,8
9493,11
9494,15
9495,1
9496,21
9497,17
9498,8
9499,3
9500,11
9501,17
9502,7
9503,4
9504,13
9505,23
9506,6
9507,2
9508,4
9509,10
9510,15
9511,5
9512,15
9513,4
9514,10
9515,11
9516,3
9517,26
9518,2
9519,11
9520,16
9521,7
9522,6
9523,14
9524,20
9525,11
9526,4
9527,22
9528,9
9529,12
9530,8
9531,9
9532,10
9533,9
9534,9
9535,10
9536,23
9537,4
9538,14
9539,7
9540,11
9541,9
9542,7
9543,24
9544,5
9545,8
9546,6
9547,5
9548,13
9549,1
9550,1
9551,1
9552,2
9553,13
9554,5
9555,15
9556,7
9557,4
9558,13
9559,21
9560,1
9561,18
9562,1
9563,10
9564,14
9565,13
9566,5
9567,12
9568,1
9569,13
9570,5
9571,9
9572,6
9573,2
9574,10
9575,12
9576,7
9577,5
9578,10
9579,23
9580,2
9581,4
9582,9
9583,16
9584,9
9585,1
9586,2
9587,7
9588,11
9589,10
9590,8
9591,1
9592,9
9593,3
9594,2
9595,9
9596,11
9597,5
9598,26
9599,8
9600,21
9601,14
9602,25
9603,5
9604,18
9605,5
9606,17
9607,6
9608,8
9609,8
9610,2
9611,4
9612,2
9613,25
9614,3
9615,8
9616,11
9617,6
9618,10
9619,15
9620,11
9621,17
9622,6
9623,3
9624,3
9625,22
9626,3
9627,26
9628,19
9629,10
9630,14
9631,7
9632,1
9633,12
9634,18
9635,9
9636,5
9637,1
9638,13
9639,3
9640,12
9641,20
9642,19
9643,5
9644,26
9645,12
9646,10
9647,11
9648,2
9649,30
9650,29
9651,22
9652,6
9653,11
9654,18
9655,20
9656,11
9657,15
9658,6
9659,20
9660,8
9661,14
9662,1
9663,16
9664,13
9665,24
9666,23
9667,13
9668,15
9669,27
9670,1
9671,10
9672,10
9673,2
9674,2
9675,17
9676,19
9677,4
9678,11
9679,25
9680,42
9681,18
9682,6
9683,3
9684,10
9685,12
9686,10
9687,6
9688,10
9689,6
9690,3
9691,7
9692,18
9693,3
9694,14
9695,4
9696,7
9697,3
9698,19
9699,2
9700,11
9701,3
9702,1
9703,1
9704,2
9705,8
9706,9
9707,27
9708,10
9709,8
9710,17
9711,5
9712,16
9713,14
9714,11
9715,15
9716,9
9717,14
9718,30
9719,18
9720,2
9721,17
9722,16
9723,4
9724,2
9725,17
9726,10
9727,12
9728,3
9729,14
9730,9
9731,21
9732,4
9733,14
9734,8
9735,17
9736,1
9737,2
9738,7
9739,13
9740,7
9741,22
9742,16
9743,10
9744,1
9745,3
9746,12
9747,8
9748,15
9749,5
9750,10
9751,9
9752,5
9753,4
9754,29
9755,7
9756,7
9757,4
9758,9
9759,1
9760,8
9761,5
9762,1
9763,19
9764,9
9765,26
9766,19
9767,1
9768,6
9769,8
9770,4
9771,19
9772,2
9773,7
9774,7
9775,1
9776,4
9777,10
9778,47
9779,8
9780,14
9781,7
9782,6
9783,8
9784,4
9785,5
9786,3
9787,1
9788,3
9789,1
9790,4
9791,9
9792,5
9793,6
9794,2
9795,7
9796,2
9797,1
9798,6
9799,9
9800,6
9801,3
9802,2
9803,20
9804,9
9805,6
9806,8
9807,3
9808,20
9809,22
9810,6
9811,7
9812,11
9813,4
9814,2
9815,11
9816,5
9817,1
9818,15
9819,6
9820,13
9821,5
9822,32
9823,3
9824,3
9825,2
9826,10
9827,3
9828,9
9829,4
9830,1
9831,10
9832,8
9833,7
9834,8
9835,13
9836,8
9837,8
9838,19
9839,13
9840,14
9841,5
9842,4
9843,2
9844,6
9845,1
9846,11
9847,7
9848,2
9849,6
9850,4
9851,7
9852,3
9853,2
9854,4
9855,1
9856,6
9857,7
9858,11
9859,2
9860,17
9861,5
9862,8
9863,7
9864,11
9865,15
9866,15
9867,12
9868,9
9869,2
9870,7
9871,9
9872,9
9873,18
9874,12
9875,8
9876,2
9877,32
9878,20
9879,10
9880,3
9881,13
9882,21
9883,11
9884,2
9885,7
9886,14
9887,10
9888,13
9889,15
9890,7
9891,1
9892,12
9893,17
9894,8
9895,1
9896,3
9897,22
9898,32
9899,5
9900,16
9901,8
9902,29
9903,9
9904,4
9905,1
9906,7
9907,5
9908,1
9909,16
9910,7
9911,10
9912,6
9913,2
9914,2
9915,8
9916,11
9917,13
9918,14
9919,3
9920,14
9921,4
9922,10
9923,4
9924,17
9925,27
9926,4
9927,7
9928,21
9929,6
9930,16
9931,2
9932,15
9933,8
9934,7
9935,1
9936,17
9937,5
9938,12
9939,23
9940,15
9941,7
9942,4
9943,3
9944,6
9945,17
9946,20
9947,13
9948,8
9949,9
9950,23
9951,10
9952,6
9953,32
9954,27
9955,11
9956,10
9957,11
9958,24
9959,17
9960,7
9961,7
9962,8
9963,2
9964,16
9965,16
9966,14
9967,13
9968,17
9969,6
9970,1
9971,9
9972,10
9973,16
9974,2
9975,4
9976,8
9977,13
9978,2
9979,3
9980,12
9981,21
9982,9
9983,9
9984,13
9985,1
9986,5
9987,4
9988,13
9989,7
9990,1
9991,4
9992,1
9993,4
9994,22
9995,4
9996,20
9997,5
9998,17
9999,9
10000,11
10001,14
10002,5
10003,1
10004,13
10005,11
10006,7
10007,28
10008,1
10009,3
10010,18
10011,4
10012,12
10013,8
10014,3
10015,3
10016,8
10017,24
10018,3
10019,7
10020,9
10021,4
10022,5
10023,8
10024,6
10025,9
10026,12
10027,6
10028,17
10029,24
10030,1
10031,20
10032,3
10033,2
10034,3
10035,8
10036,11
10037,6
10038,8
10039,7
10040,16
10041,5
10042,8
10043,4
10044,7
10045,7
10046,10
10047,5
10048,3
10049,18
10050,9
10051,7
10052,20
10053,16
10054,14
10055,11
10056,9
10057,13
10058,5
10059,7
10060,9
10061,7
10062,14
10063,3
10064,3
10065,1
10066,4
10067,22
10068,12
10069,2
10070,8
10071,3
10072,1
10073,3
10074,15
10075,6
10076,6
10077,2
10078,14
10079,4
10080,12
10081,4
10082,12
10083,4
10084,9
10085,7
10086,9
10087,14
10088,9
10089,3
10090,8
10091,9
10092,1
10093,3
10094,12
10095,9
10096,5
10097,5
10098,6
10099,2
10100,25
10101,7
10102,10
10103,8
10104,5
10105,14
10106,14
10107,8
10108,10
10109,4
10110,1
10111,2
10112,5
10113,2
10114,27
10115,5
10116,14
10117,5
10118,3
10119,11
10120,4
10121,12
10122,10
10123,5
10124,1
10125,5
10126,8
10127,7
10128,18
10129,5
10130,1
10131,7
10132,6
10133,5
10134,15
10135,14
10136,16
10137,1
10138,14
10139,10
10140,7
10141,6
10142,2
10143,1
10144,9
10145,10
10146,15
10147,12
10148,18
10149,3
10150,2
10151,13
10152,3
10153,7
10154,3
10155,8
10156,2
10157,7
10158,18
10159,7
10160,24
10161,15
10162,15
10163,2
10164,13
10165,17
10166,5
10167,12
10168,5
10169,13
10170,17
10171,3
10172,6
10173,2
10174,2
10175,22
10176,7
10177,15
10178,6
10179,11
10180,7
10181,2
10182,2
10183,16
10184,2
10185,6
10186,6
10187,2
10188,9
10189,10
10190,6
10191,8
10192,7
10193,6
10194,4
10195,6
10196,10
10197,8
10198,1
10199,1
10200,6
10201,18
10202,12
10203,9
10204,11
10205,4
10206,1
10207,1
10208,1
10209,5
10210,14
10211,6
10212,2
10213,3
10214,15
10215,22
10216,3
10217,15
10218,10
10219,3
10220,19
10221,6
10222,2
10223,1
10224,3
10225,18
10226,11
10227,4
10228,1
10229,6
10230,11
10231,5
10232,5
10233,10
10234,18
10235,14
10236,18
10237,14
10238,1
10239,4
10240,4
10241,3
10242,6
10243,4
10244,15
10245,12
10246,5
10247,17
10248,9
10249,8
10250,11
10251,18
10252,6
10253,18
10254,1
10255,9
10256,20
10257,6
10258,16
10259,3
10260,13
10261,7
10262,7
10263,17
10264,20
10265,8
10266,8
10267,4
10268,12
10269,7
10270,10
10271,13
10272,13
10273,7
10274,9
10275,22
10276,1
10277,11
10278,2
10279,7
10280,5
10281,5
10282,15
10283,6
10284,5
10285,1
10286,2
10287,1
10288,14
10289,12
10290,1
10291,2
10292,5
10293,4
10294,2
10295,2
10296,4
10297,8
10298,11
10299,16
10300,5
10301,13
10302,1
10303,22
10304,21
10305,12
10306,2
10307,11
10308,3
10309,3
10310,8
10311,3
10312,3
10313,1
10314,13
10315,7
10316,8
10317,4
10318,10
10319,11
10320,8
10321,12
10322,7
10323,1
10324,14
10325,6
10326,7
10327,6
10328,8
10329,5
10330,4
10331,9
10332,1
10333,9
10334,6
10335,7
10336,6
10337,7
10338,14
10339,5
10340,3
10341,11
10342,3
10343,8
10344,1
10345,5
10346,5
10347,8
10348,2
10349,14
10350,4
10351,5
10352,1
10353,6
10354,10
10355,9
10356,4
10357,1
10358,1
10359,9
10360,16
10361,8
10362,9
10363,2
10364,4
10365,14
10366,7
10367,7
10368,23
10369,10
10370,8
10371,16
10372,24
10373,3
10374,1
10375,2
10376,12
10377,11
10378,12
10379,13
10380,5
10381,13
10382,4
10383,21
10384,16
10385,5
10386,7
10387,7
10388,12
10389,2
10390,17
10391,5
10392,6
10393,26
10394,20
10395,6
